"DE1_T2"	"DE2_T2"	"DE3_T2"	"DE4_T2"	"DE5_T2"	"DE6_T2"	"DE7_T2"	"DE8_T2"	"DE9_T2"	"DE10_T2"	"DE11_T2"	"DE12_T2"	"DE13_T2"	"DE14_T2"	"DE15_T2"	"DE16_T2"	"DE17_T2"	"DE18_T2"	"DE19_T2"	"DE20_T2"	"DE21_T2"	"DE22_T2"	"DE23_T2"	"DE24_T2"	"DE25_T2"	"DE26_T2"	"DE27_T2"	"DE28_T2"	"DE29_T2"	"DE30_T2"	"ES1_T2"	"ES2_T2"	"ES3_T2"	"ES4_T2"	"ES5_T2"	"ES6_T2"	"ES7_T2"	"ES8_T2"	"ES9_T2"	"ES10_T2"	"ES11_T2"	"ES12_T2"	"ES13_T2"	"ES14_T2"	"ES15_T2"	"ES16_T2"	"ES17_T2"	"ES18_T2"	"ES19_T2"	"ES20_T2"	"ES21_T2"	"ES22_T2"	"ES23_T2"	"ES24_T2"	"ES25_T2"	"ES26_T2"	"ES27_T2"	"ES28_T2"	"ES29_T2"	"ES30_T2"	"SE1_T2"	"SE2_T2"	"SE3_T2"	"SE4_T2"	"SE5_T2"	"SE6_T2"	"SE7_T2"	"SE8_T2"	"SE9_T2"	"SE10_T2"	"SE11_T2"	"SE12_T2"	"SE13_T2"	"SE14_T2"	"SE15_T2"	"SE16_T2"	"SE17_T2"	"SE18_T2"	"SE19_T2"	"SE20_T2"	"SE21_T2"	"SE22_T2"	"SE23_T2"	"SE24_T2"	"SE25_T2"	"SE26_T2"	"SE27_T2"	"SE28_T2"	"SE29_T2"	"SE30_T2"
"AA1"	41	47	80	25	13	19	23	56	72	6	25	36	31	41	52	51	31	45	107	18	87	39	36	38	44	17	38	18	42	23	72	48	100	49	62	47	593	32	0	159	75	133	77	57	125	63	22	44	20	106	106	81	10	80	144	116	93	0	176	5	24	2	12	55	7	34	47	34	94	40	40	43	29	81	39	61	58	19	92	166	66	24	133	112	22	39	26	71	31	76
"AA10"	1924	3641	3199	1402	4065	1898	1266	2129	1367	1789	2446	1987	1086	1670	1593	1304	1579	1503	1621	2337	1238	1085	1108	1279	1257	3138	1074	815	1254	1078	11658	8271	8538	9991	8420	8925	7928	8046	12406	8522	7946	9637	5690	13410	11243	9996	11089	14428	6830	9053	9570	9969	9246	9960	9946	6948	8705	327	13325	3178	2363	2326	1628	1914	2237	2018	2868	3673	2797	1357	1816	3210	3358	3157	2452	1769	2072	1559	2129	3401	2882	3514	5498	3548	1285	1589	1075	1402	2375	3075
"AA3"	140	161	203	175	104	107	110	167	120	136	151	112	124	188	153	172	105	193	174	76	159	152	144	199	145	147	166	209	216	154	157	139	243	138	146	152	204	240	224	184	181	163	86	116	108	141	72	137	188	130	118	152	78	129	116	150	115	0	118	3	104	101	131	123	162	139	204	221	193	168	228	197	125	145	138	126	137	19	249	381	208	145	196	230	176	167	192	165	112	136
"AA5"	437	1168	1343	567	698	553	302	1074	425	528	1413	426	151	365	254	246	440	309	679	1359	628	408	1004	678	482	1828	354	196	386	203	480	1066	1341	899	1193	908	944	1269	1880	1572	1278	1134	918	2779	2093	1709	2330	3342	1416	1472	1883	1447	1165	1728	1442	1431	1619	11	2379	155	210	107	149	456	454	258	145	117	188	56	73	81	424	790	695	640	632	635	301	409	323	202	306	242	157	89	54	245	598	550
"AA6"	58	75	61	39	98	80	62	66	38	60	52	66	36	46	45	25	71	127	83	165	42	98	49	63	88	168	63	32	19	100	144	318	227	326	191	282	184	273	247	348	183	448	307	630	854	387	469	547	477	574	566	631	651	510	332	217	328	19	505	82	81	43	52	78	56	60	60	79	102	56	92	103	92	83	111	106	73	70	28	80	106	145	66	128	23	15	68	44	88	54
"AA7"	242	292	279	143	179	149	178	257	119	104	153	112	200	148	263	245	284	152	188	108	174	241	327	241	213	375	97	168	192	200	533	209	244	269	293	213	421	292	562	307	222	259	160	587	303	288	313	353	299	379	174	269	248	217	227	155	295	10	391	16	271	266	265	223	221	192	273	341	391	246	348	311	266	263	371	372	277	232	235	452	305	399	289	355	217	366	267	393	255	265
"AA9"	23	20	9	0	19	15	0	21	9	9	25	12	15	9	4	0	0	3	18	0	5	0	0	0	2	0	34	54	9	8	68	38	51	76	55	44	35	120	10	29	76	37	10	40	119	42	53	48	43	25	10	40	27	10	72	87	59	0	43	0	47	36	52	11	56	40	42	11	91	31	40	22	45	103	39	22	58	4	111	58	77	29	35	75	76	51	31	62	48	10
"CBM0"	464	407	687	377	348	305	281	281	355	372	224	265	309	306	220	421	296	379	520	590	348	383	472	586	384	519	347	249	259	254	394	302	351	274	309	353	413	963	366	609	785	284	135	256	251	461	250	267	375	376	497	273	265	650	326	254	293	34	188	27	230	329	223	327	306	186	225	407	242	319	175	277	278	314	401	400	230	337	795	511	559	442	335	293	255	279	168	193	266	289
"CBM1"	28	25	17	5	17	38	11	28	37	0	20	52	18	28	7	27	21	30	25	34	10	15	3	13	33	60	16	18	13	11	56	42	108	84	102	108	48	48	62	17	120	40	30	56	28	72	142	190	52	52	102	104	38	84	136	15	71	0	131	0	44	118	53	69	41	40	34	36	85	56	64	37	66	34	51	51	19	61	130	95	89	69	15	59	124	58	51	117	151	38
"CBM10"	33	18	66	52	36	80	84	70	57	64	47	62	29	51	37	88	23	47	29	44	52	78	42	26	65	48	29	14	11	47	43	110	62	52	90	54	72	38	68	118	121	42	3	62	43	58	61	58	87	113	82	108	110	52	83	72	19	0	65	10	51	60	42	73	30	51	11	51	9	59	51	23	58	34	71	51	143	44	9	9	49	61	47	60	6	41	36	39	75	51
"CBM11"	21	53	37	69	46	49	45	56	0	37	74	48	57	32	21	32	28	40	58	77	52	22	28	40	56	38	30	8	28	21	72	96	72	120	140	80	154	103	83	130	98	181	95	189	127	185	259	149	102	115	142	143	98	137	154	85	97	0	238	10	50	84	53	17	73	27	43	25	34	32	38	51	26	16	36	47	50	26	14	74	43	33	22	55	40	30	44	118	117	34
"CBM12"	3265	4566	4619	3393	3144	3731	2425	3406	2812	4147	4435	4884	3069	3544	3295	2851	3061	3207	2861	4344	2970	2782	2653	4597	2527	3188	1979	1979	2013	2010	13601	9372	10246	9761	8113	7958	11157	8353	19093	12337	11031	13090	9666	16014	17649	10390	15150	15625	9126	13252	13556	10216	11205	10497	9816	7139	10635	202	16205	2183	3070	2674	2989	3122	3052	3150	4394	3416	3201	1961	2277	2666	3983	4958	4458	3718	3666	2829	4673	3848	4256	4282	4204	4653	2637	3015	2095	4284	5033	3559
"CBM13"	12341	19924	18194	17415	24417	20752	12961	18241	13726	17658	19049	18977	13553	17492	13806	12706	13551	12978	17717	22079	16035	12358	13925	13032	10431	14344	7714	8438	13972	11044	50343	32877	40150	37409	33797	32036	38611	31960	56892	39024	36291	48313	34911	64814	57715	46689	54499	68463	34988	51529	50859	46095	45441	46959	38850	32010	42422	1405	54823	13353	20251	25709	17711	21988	19837	19811	14991	21668	20925	9339	15726	21699	19836	27125	24134	19200	16901	15063	16495	19464	19183	15936	21883	17395	16074	17998	14430	27324	27823	27594
"CBM16"	1183	1785	1949	1379	1142	1334	850	1149	868	1582	1584	1781	1454	1678	1633	1060	1421	1333	1202	1015	1114	772	708	1156	810	1428	656	860	1284	885	9488	5125	7372	5067	5057	4418	10531	3926	11055	6638	5488	7710	3834	10005	9533	6450	8348	7729	6827	9475	8426	7133	7668	7003	6592	4005	6436	445	14453	1767	2151	2539	2105	1945	1939	1745	1673	2981	2681	1360	2340	3084	1804	3086	2365	1375	1430	1151	1825	1917	2098	2307	2206	1814	2307	2365	1998	3028	2558	1704
"CBM18"	36	15	71	22	20	13	42	29	0	9	14	0	55	0	11	0	0	9	20	38	5	18	12	9	23	38	0	25	19	17	1	0	18	7	14	11	819	23	7	10	0	11	22	34	59	14	22	68	20	24	14	32	23	12	13	32	68	0	15	20	22	29	5	37	30	50	0	0	41	1	3	0	21	0	15	60	39	30	109	27	20	43	75	24	25	40	42	21	10	19
"CBM2"	15493	24946	21418	19244	20372	22438	14656	18526	15837	19028	21390	21244	13182	18934	15450	13210	15612	14257	22771	29135	19110	14945	13960	17565	14210	19661	10549	8619	12517	10928	59023	45008	52521	45845	43323	39167	58838	41824	85729	60849	56221	66895	42907	83554	77405	58848	68964	81167	45026	66297	62749	58127	57360	60901	50432	40892	53675	2894	73188	17946	19128	20206	16783	19747	18489	18248	13324	15871	16417	8860	11627	16358	22441	27214	24806	19681	16273	16319	18381	19507	21517	17660	21082	16513	13569	14622	12195	26270	30417	26595
"CBM20"	175	214	209	277	241	256	127	184	138	178	178	211	161	235	285	203	161	208	256	280	328	358	208	496	210	713	216	169	195	169	333	658	385	502	674	671	554	492	876	713	553	495	549	903	729	656	1062	951	442	739	580	592	509	516	602	286	648	0	896	110	185	175	149	174	245	169	190	165	219	103	174	165	307	208	248	145	207	135	171	196	277	212	295	237	263	247	150	230	177	249
"CBM22"	185	247	366	163	326	249	230	234	183	258	215	330	255	232	181	186	304	200	326	316	247	150	199	181	115	210	76	187	171	153	586	558	457	589	664	478	864	571	964	667	853	817	607	1075	1039	718	885	1211	672	954	1092	724	773	821	743	452	830	7	929	124	314	368	212	259	237	262	195	226	259	109	219	275	266	284	382	240	389	279	292	268	218	139	289	167	175	239	197	513	397	469
"CBM25"	134	165	304	62	45	95	65	61	21	90	101	38	66	53	29	72	88	98	120	122	152	81	45	203	32	257	71	87	58	51	90	147	123	182	104	132	106	119	167	70	92	160	133	288	111	124	173	197	124	162	83	208	151	122	106	78	153	0	163	7	76	97	41	143	105	75	58	533	75	84	49	43	109	82	93	99	27	77	156	97	163	105	153	206	58	53	57	84	91	132
"CBM3"	424	579	707	429	356	426	299	413	186	304	476	344	470	379	290	317	307	373	395	319	415	244	330	338	250	506	304	270	461	421	819	841	930	781	875	963	761	787	894	1211	914	1259	528	1293	1123	1114	1038	1240	1122	1118	1106	878	828	949	848	864	1004	6	1118	193	658	502	507	330	334	233	407	386	592	399	396	543	329	552	636	451	494	324	457	378	375	435	346	398	389	426	260	377	430	304
"CBM32"	3706	4975	5644	5069	9308	5284	4278	4909	4206	5289	5113	6060	3312	4963	3801	3862	3859	3571	4715	7221	4754	3529	3013	4040	2265	3965	2241	1990	2206	2186	11676	8815	12121	9008	8590	7465	13375	8662	19011	10736	12055	13530	7079	12546	12521	10415	12999	12263	7087	9779	10225	9422	8776	9541	9199	6548	8816	405	9529	1560	4163	4348	4033	4394	3906	3895	3673	5079	3708	2600	3284	3585	7751	7338	6574	4496	3235	3229	4511	3925	4327	4672	4368	4363	3635	3861	3590	5449	6751	5456
"CBM34"	74	111	94	13	14	22	11	29	0	39	3	58	26	18	38	41	56	21	45	14	0	41	13	27	76	27	43	107	125	91	29	6	30	24	2	24	44	23	57	43	16	36	29	31	31	18	16	17	14	28	14	34	19	12	18	27	0	0	36	2	77	84	25	64	34	26	285	226	230	68	73	167	9	38	16	18	36	1	80	16	27	179	15	51	63	35	28	7	49	24
"CBM35"	723	1201	1109	1342	1012	1386	974	1236	1006	1099	1232	1163	748	987	676	651	777	846	1824	1832	1166	816	601	927	638	805	546	576	697	618	3677	2191	2337	3109	3188	2796	2101	1630	2742	2131	1814	2714	3259	5367	5015	4054	5048	5994	3597	5217	4207	4516	4416	4934	4649	3487	4456	129	5337	1992	936	1205	845	1020	847	747	678	823	1115	584	805	1328	1400	1608	1395	1141	1006	805	1096	969	1189	774	1046	961	936	920	540	1047	1423	1209
"CBM38"	273	336	279	379	285	235	318	518	356	416	421	363	218	255	234	247	262	260	448	596	449	326	264	291	296	275	213	201	252	173	441	532	759	482	487	426	613	807	761	679	670	658	348	565	602	573	448	714	457	669	1040	413	381	537	576	461	588	0	600	35	330	201	255	389	332	345	181	201	200	195	248	271	235	426	281	389	377	410	193	268	326	342	344	280	205	214	172	256	250	368
"CBM4"	380	412	538	471	434	469	267	354	325	265	329	360	411	438	310	360	304	323	682	403	564	256	346	232	293	310	209	303	361	240	907	513	644	709	681	658	441	578	1010	956	709	1014	646	1122	1284	963	1112	1388	683	1060	1150	1016	948	895	706	655	815	74	999	481	494	594	585	546	426	416	469	537	553	253	440	621	627	519	623	398	463	356	323	316	444	393	453	345	404	506	520	481	405	294
"CBM41"	1118	1331	1568	2308	2278	2785	1264	1874	1325	1391	1896	1706	1229	1436	1175	1259	1575	1455	2001	1845	1702	1285	1453	1463	1271	1393	899	765	995	824	3499	3159	3322	4079	3989	3606	4762	2807	6472	4790	4016	5581	2440	4880	4500	3056	4695	5960	3149	4117	3644	4095	3988	3688	3833	2271	3734	72	4658	388	1638	1652	1495	1877	2087	1460	1717	1615	1867	1502	1214	1808	2160	2481	1958	2434	2832	2812	2092	1992	1857	2659	2561	2105	1302	1075	895	1261	2001	2436
"CBM42"	276	675	364	314	301	383	172	327	185	316	465	323	541	655	344	144	234	189	342	452	391	163	147	178	205	440	210	195	349	378	965	633	635	829	726	641	580	515	1077	833	574	988	623	1512	1321	952	1370	1459	793	1086	960	1352	1041	1243	884	755	979	72	1196	344	762	850	548	466	411	383	502	640	834	306	619	1098	586	491	400	387	194	264	448	639	564	375	621	414	589	673	483	711	734	435
"CBM44"	23	35	24	2	10	11	14	28	0	63	15	20	0	39	11	19	22	34	35	56	23	22	14	39	53	16	39	74	19	13	82	77	27	131	43	69	45	76	37	51	32	19	98	40	56	71	15	71	58	47	47	71	68	11	13	32	63	0	21	0	31	7	3	3	3	16	13	4	40	28	50	31	41	19	0	39	16	20	25	43	21	45	18	6	21	31	24	42	16	51
"CBM46"	244	334	207	314	345	356	252	233	199	314	348	388	121	170	171	147	131	160	288	620	325	142	190	237	119	163	82	46	165	89	632	688	564	856	949	792	769	514	1200	956	750	951	1673	2453	2461	1290	2150	2363	1150	1796	1513	1372	1367	1577	1373	925	1286	46	1923	319	327	367	154	317	260	245	116	188	180	55	116	274	204	361	267	333	345	258	161	299	143	199	316	121	110	163	114	220	232	329
"CBM47"	666	691	658	754	837	687	638	901	713	754	576	703	542	682	547	628	690	647	811	1013	857	703	790	781	839	869	729	653	649	643	719	571	552	541	637	632	503	533	372	534	612	520	518	861	793	719	674	548	528	832	736	858	646	943	703	527	895	4	759	127	677	634	671	585	726	626	638	777	788	540	782	761	716	807	750	829	1000	744	404	582	650	615	703	713	549	678	668	628	679	617
"CBM48"	7295	7692	9153	10939	12575	12700	6417	8127	7551	7359	8609	8522	6377	8958	7441	6929	8516	8587	10813	11419	9731	8613	7197	8518	9240	11010	8029	6156	5855	6152	16877	15208	15795	14865	14763	13496	17812	15204	21197	19589	17370	21161	11032	17234	18312	13631	19279	22038	13688	15635	15850	14418	14130	12683	13470	9321	13791	170	18285	2288	8818	6827	7415	8068	8552	6786	8136	9115	9025	8349	6881	9204	8966	11170	10002	8725	9260	10015	8586	8241	9663	10308	9681	9796	7796	7352	6220	7328	10655	9942
"CBM5"	1441	1813	1966	1500	1645	1568	1006	2128	1157	1667	1942	1974	1203	1956	1775	1199	1546	1426	1261	1708	1264	1021	1194	1230	1188	1708	1017	1211	1350	1080	6826	4917	5788	5550	4229	3911	5483	5570	9433	6342	5109	6256	4798	7206	7381	6341	7695	7830	4174	5591	6101	5443	5716	4916	6389	4554	7387	167	6747	902	1736	2025	1418	1492	1798	1488	2648	2049	1927	1091	1335	1679	2004	2953	1956	1533	1616	1293	2344	2389	2850	3296	3230	2893	1640	1701	1453	2429	2994	1829
"CBM50"	17209	24781	22052	13433	14718	15790	13172	14710	13520	16078	18015	16182	16313	21456	18668	16417	17868	17450	20173	27905	19003	16117	15309	20012	17674	23001	16196	13205	14831	12413	40311	34630	40805	31795	31051	26702	45317	49866	55505	37808	38117	43051	17962	32153	30389	28178	35147	43348	24243	29123	30381	27076	25198	26054	25730	18608	29699	308	35870	3506	20155	16633	15632	16574	18644	13355	19100	23529	24276	16790	17345	23037	20012	21808	19464	17234	20329	18801	22532	21849	24275	24324	22924	25593	17516	15032	12881	15479	21625	16056
"CBM51"	1147	1602	1753	1243	1279	1345	1202	1270	1281	894	1165	1148	2035	2047	1651	1172	1143	1340	1525	1443	1289	1234	1308	1176	1497	1670	1247	1426	1825	1850	4594	1544	2201	2005	1912	1871	2486	1799	1837	2159	2028	2130	1344	2352	1953	1547	1846	1846	1280	2024	1724	1920	1743	2297	1865	1285	1786	55	2166	378	1443	2259	2006	1572	1608	1466	1766	2570	2470	1904	2066	2621	1658	1663	1850	1269	1300	1402	2138	1721	1658	1702	1992	1548	2072	1968	1489	2742	1928	1138
"CBM56"	84	42	108	86	95	85	160	156	74	104	84	118	53	151	97	131	57	49	49	290	51	102	222	122	75	40	31	106	169	85	417	107	101	213	242	192	109	195	215	242	256	180	156	388	482	456	342	513	291	328	319	220	311	280	312	169	257	59	401	106	84	257	133	137	127	124	160	123	190	104	163	130	55	40	40	75	49	89	125	148	161	48	100	80	128	333	224	298	136	45
"CBM57"	707	967	1107	1257	1085	1539	847	1072	887	1081	872	1265	695	765	474	742	721	734	934	1264	752	855	730	881	665	706	466	414	499	439	1928	1757	1877	1637	1746	1798	2211	1393	2583	2306	1699	2554	1535	2171	2329	1536	2228	2743	1756	2508	1817	1996	2197	1840	1749	1196	1972	60	2166	401	1038	702	721	898	928	958	514	1053	703	389	479	622	1125	1372	1397	993	1022	930	521	687	646	646	703	670	415	304	413	686	1242	1496
"CBM6"	1761	1960	2034	2051	2057	2622	1392	1863	1889	1708	1818	1509	1440	1438	1360	1540	1748	1510	2113	2862	1944	1445	1629	1853	1510	1617	1090	1193	1394	1370	3825	3540	4149	3981	3715	3256	5199	3325	7285	5160	4389	5177	4509	6406	7121	4328	5623	6032	4139	4998	4563	4592	4600	4360	4132	3218	4289	147	5905	974	1576	1713	1426	1722	1358	1538	1111	1350	1608	692	1004	1256	1651	2246	2173	1880	1666	1792	1680	1608	1984	1984	2062	1742	1420	1319	1144	1645	1571	2054
"CBM60"	157	130	143	183	164	146	110	117	93	107	118	89	80	182	167	114	129	123	286	148	142	164	78	187	99	111	78	126	232	148	82	68	71	95	98	40	187	61	52	38	132	94	119	288	141	173	108	80	104	223	255	102	104	105	82	110	186	0	138	15	161	189	131	82	163	140	194	165	217	195	175	170	120	90	168	170	202	101	287	138	307	119	216	278	271	195	188	127	156	115
"CBM61"	168	162	262	119	365	204	146	190	113	216	295	219	233	209	249	205	233	170	192	256	248	131	114	331	146	337	60	116	83	85	520	473	427	430	507	404	360	356	697	565	410	453	580	701	771	444	619	558	291	477	490	449	490	351	533	298	508	60	590	62	301	258	293	281	277	226	226	454	323	272	223	306	285	257	299	171	196	151	331	176	275	279	341	239	176	166	143	350	266	328
"CBM63"	68	63	74	50	35	52	19	39	27	4	48	29	22	4	30	6	14	36	45	36	68	60	23	64	26	54	51	11	23	25	94	101	34	141	85	53	106	61	247	129	162	110	155	86	136	85	125	132	73	157	243	118	125	132	120	91	125	10	85	122	26	108	38	43	25	37	22	19	61	3	23	77	2	27	71	7	16	79	19	53	26	45	23	19	8	17	7	58	43	29
"CBM64"	32	135	100	12	39	63	40	23	7	36	41	27	44	27	29	66	79	26	54	31	18	38	27	58	45	36	33	22	30	7	25	27	102	39	14	54	27	12	18	55	54	38	31	88	88	24	78	58	53	73	51	57	36	25	57	64	71	0	98	9	42	58	26	38	29	67	22	73	50	27	126	59	50	44	53	105	104	42	41	56	73	26	105	24	148	137	108	66	40	43
"CBM66"	534	580	671	748	818	915	586	747	600	781	890	951	782	690	650	541	498	496	663	570	734	639	491	549	364	489	317	322	297	319	1560	1143	1408	1516	1307	1195	1430	1231	2351	1521	1824	1966	1665	2383	2261	1684	2031	2251	1177	1998	1880	1477	1769	1764	1441	1549	1752	56	2038	440	665	479	537	611	553	771	529	188	341	217	267	339	677	695	766	721	493	579	436	555	500	485	456	341	250	238	221	1435	1112	1133
"CBM67"	123	187	128	101	123	123	95	112	121	96	102	172	85	77	133	143	209	130	163	156	103	182	41	100	158	153	125	63	160	145	296	100	216	69	110	194	137	149	171	172	210	207	70	109	112	130	192	152	101	205	177	107	176	95	110	104	179	0	148	0	222	139	183	98	186	161	102	148	163	109	101	110	218	146	165	157	75	134	416	245	305	218	99	143	102	93	87	139	217	133
"CBM73"	21	41	55	25	14	35	19	46	54	50	32	87	35	42	12	61	35	54	53	16	30	71	41	27	28	46	48	8	18	52	50	28	58	117	117	97	6	41	60	98	114	144	106	117	81	80	126	141	60	106	184	57	86	66	67	147	71	0	143	0	60	10	26	33	24	67	36	10	14	26	19	16	17	43	60	66	100	34	84	30	21	44	40	103	2	6	0	37	17	23
"CBM8"	22	27	96	54	19	73	8	49	17	40	28	53	32	80	61	55	51	64	150	110	121	74	36	90	32	29	57	72	9	19	76	177	154	315	79	157	22	187	76	105	59	123	202	93	125	138	66	55	82	98	205	79	121	66	111	97	127	0	37	0	24	43	42	33	75	61	31	48	32	29	37	24	124	43	91	118	33	88	70	8	88	9	15	10	84	16	29	20	13	26
"CBM9"	489	483	505	583	633	597	369	532	359	480	510	546	492	749	618	497	574	514	769	473	575	519	472	554	469	508	400	449	499	652	970	637	715	850	782	635	950	704	940	1031	988	1001	411	1033	933	590	854	675	669	824	744	741	689	733	633	367	592	51	756	116	650	558	667	707	651	488	541	678	619	455	623	706	781	817	604	634	523	703	784	888	796	990	845	724	723	602	551	598	574	553
"CE0"	530	632	753	284	318	354	297	474	297	378	334	277	485	697	521	534	662	487	647	568	469	486	373	702	451	533	299	376	693	524	634	389	644	486	428	328	430	438	714	586	505	406	351	868	385	497	450	593	388	619	573	530	560	383	512	391	489	8	514	47	568	740	695	583	442	317	640	1016	1193	638	621	956	632	807	564	397	414	369	865	784	960	965	961	730	740	936	730	568	567	399
"CE1"	6265	6870	8005	4836	4811	4731	3743	4589	4604	4114	5605	4632	5145	6763	6218	5154	6589	6674	7689	8401	5963	5765	4998	5803	4725	6703	3858	4261	5249	5383	8448	4194	4997	3647	3107	3249	4943	5400	5296	4947	5202	6057	2283	5502	4602	4398	5046	4756	3308	3953	4416	3858	3440	3767	2960	2269	4326	147	4111	1041	5198	4480	5557	6182	7056	5064	7453	8392	7319	6490	7425	7005	9066	9903	9845	5712	4895	4563	15955	14369	16157	10386	8476	10643	7752	7683	6625	6427	7511	5320
"CE11"	221	55	118	52	25	42	47	45	51	47	27	23	45	66	52	41	54	63	40	69	61	60	87	72	93	59	30	121	65	92	120	122	90	30	60	18	67	65	14	56	29	16	57	21	35	77	10	25	60	59	49	52	35	20	50	58	49	0	23	8	86	40	52	81	79	73	94	93	82	103	45	119	31	105	96	28	45	65	64	128	143	103	58	70	120	126	86	52	100	67
"CE12"	2551	3028	3734	2128	5971	2254	1792	2145	2003	2184	2325	2207	1902	2864	2306	2231	2332	2502	3075	5186	3241	2092	2381	3622	2183	3124	2217	1790	1970	2193	6292	3842	6117	3838	3636	3215	4799	5870	4477	5609	6266	5204	1687	3659	2376	3388	2699	2881	2692	3463	3910	3621	3122	3500	3975	2527	4460	32	2430	400	2766	2722	3174	2836	2328	1958	2063	2898	2767	2113	2899	2812	2316	2937	2153	1936	1842	1895	4116	2915	3338	2880	3084	3217	3100	2368	2070	2544	2550	2128
"CE14"	3847	3826	4062	2728	3219	3165	2560	3250	3195	2280	1891	2350	1421	3489	2620	2412	3091	2959	4033	5957	3884	3471	3338	4107	3990	4590	2980	2113	2455	2179	1176	1381	1264	1612	1620	1345	1061	1253	871	1632	1245	1278	1155	1201	1522	1229	1070	968	990	1058	1315	994	1267	1255	1078	858	1333	37	1068	90	3185	3139	3058	4538	5269	4381	2905	1752	2414	2223	1383	2141	5741	6671	6431	4904	4617	4038	2030	2287	2820	3318	3271	4633	1337	1363	1146	1956	3642	2279
"CE15"	921	866	960	761	696	804	538	675	818	638	674	572	606	877	595	622	652	648	1122	1459	1090	814	755	935	740	779	553	577	778	552	837	523	644	388	369	503	526	657	368	580	648	539	284	441	329	404	358	352	330	346	478	299	464	345	363	413	495	32	255	91	1047	787	883	1076	1339	1082	806	711	771	472	613	622	1209	1423	1834	1144	1212	1146	516	627	716	541	604	884	476	786	819	699	1079	678
"CE16"	620	1220	930	269	394	198	130	282	387	159	105	143	281	433	314	353	359	390	399	635	432	644	580	700	492	493	269	230	551	397	73	199	28	40	20	65	43	336	37	103	112	40	0	39	8	17	0	65	79	7	25	12	21	10	11	40	100	8	16	0	375	226	243	386	688	518	168	161	476	108	76	91	796	722	861	456	308	440	251	134	163	279	147	346	81	79	103	101	532	351
"CE2"	207	349	370	312	139	174	165	147	198	163	427	130	246	201	185	165	148	148	231	327	306	120	122	160	133	268	143	175	133	183	344	219	193	350	203	362	188	271	250	150	187	192	212	230	216	191	123	223	55	263	178	190	201	106	163	173	187	0	89	7	319	330	287	262	235	168	340	291	414	270	344	402	314	369	558	145	167	104	323	314	351	300	282	318	300	188	231	359	249	246
"CE3"	367	1010	589	340	250	245	188	178	221	135	209	122	145	257	275	214	281	245	367	374	263	179	253	270	190	227	184	81	173	137	477	211	390	432	490	495	112	228	530	241	228	458	190	812	141	383	755	608	305	493	571	502	409	770	559	334	474	0	741	34	255	272	262	319	409	242	291	150	241	153	177	398	444	555	404	237	363	386	454	415	506	411	462	277	153	192	111	157	129	382
"CE4"	6101	9064	9956	4406	4496	4307	3384	5068	4611	4588	4912	4199	5114	8443	6151	5814	7003	6810	8577	13229	8244	5149	5410	6572	4541	7078	4186	4003	4514	4848	9725	4391	6712	5607	4575	4704	8948	8245	8686	6035	6353	6504	3791	6667	6510	4394	6707	6205	5220	6842	5700	5133	5193	5398	4526	2894	4405	141	6008	2103	5562	5040	5616	6549	7910	4357	6230	9390	8011	6979	7463	8259	6636	7767	6543	4209	3794	4592	10053	8469	9398	9704	8293	8388	7559	7630	7168	5941	7082	4148
"CE5"	403	432	525	198	225	303	141	283	137	170	493	187	315	406	394	411	542	423	437	370	399	201	280	256	414	604	234	224	316	328	483	157	216	181	142	190	173	303	334	250	266	359	43	182	205	210	151	153	94	51	129	163	178	84	144	123	253	7	195	10	314	293	373	340	343	228	510	501	605	330	471	575	405	311	377	270	180	229	1016	1151	1383	1185	844	1132	540	531	528	283	514	354
"CE6"	422	332	513	112	259	230	233	168	298	147	168	148	144	513	259	236	235	262	521	516	231	190	201	210	347	378	243	400	360	373	116	85	80	98	116	113	62	125	45	123	80	27	67	143	75	132	29	50	84	75	102	68	49	25	57	46	79	0	39	35	322	147	227	379	561	266	287	256	309	318	195	334	619	668	646	592	352	403	204	317	347	513	407	527	180	165	157	302	651	345
"CE7"	328	323	405	338	441	383	198	275	259	264	280	421	215	627	484	345	455	437	445	438	466	232	223	306	420	512	322	321	296	295	2212	1732	2653	418	404	483	2453	1818	2430	2162	2642	1848	614	609	651	735	574	920	454	315	737	712	560	652	763	910	1108	0	416	0	496	246	259	445	600	316	332	142	302	191	153	212	566	507	550	525	452	379	206	263	198	206	333	504	365	186	151	403	864	375
"CE8"	448	1189	779	360	271	304	373	475	482	477	562	426	322	537	420	304	312	442	565	1007	556	329	343	411	468	653	319	358	484	345	2376	1368	1845	2014	1494	1528	2751	1939	1694	1464	1495	1601	681	2049	1443	1570	1655	1815	883	1157	1119	1175	1139	1434	1520	899	1620	65	1714	236	515	772	628	668	761	648	746	1001	911	533	567	1139	422	618	818	440	317	388	941	1115	969	951	1337	1132	532	607	345	807	993	661
"CE9"	15	35	68	17	19	43	66	51	58	19	57	53	64	18	31	43	87	39	58	32	57	55	16	81	64	47	40	73	56	62	33	64	75	59	52	60	106	54	57	52	35	21	28	96	82	54	84	78	45	61	137	46	65	41	86	41	58	4	136	0	38	12	30	27	11	17	60	33	57	39	54	59	25	62	55	84	27	21	34	56	68	60	94	17	47	30	28	23	38	4
"GH0"	2445	2303	2352	2284	2590	2386	2053	2699	2607	2645	1794	2614	3484	3039	2697	2748	2610	2298	2733	2718	2845	3628	3299	3363	3223	3345	3055	2637	2633	3117	4026	2451	3355	2569	2480	2385	3287	2715	2960	3872	4137	3512	2145	3217	2796	2535	2582	2499	2608	2629	2644	2594	2337	2653	2822	1995	3397	0	2494	263	2516	2381	2461	2030	2116	2247	2701	2634	2851	2774	3021	3269	2050	2443	2567	2380	2470	2331	2725	2569	2142	2555	2776	2799	2382	2590	2029	2542	2310	2288
"GH1"	353	419	453	465	487	478	351	423	472	445	505	537	624	663	610	534	629	443	690	489	537	444	472	387	465	316	345	457	393	354	569	423	485	276	290	316	776	529	1032	660	717	574	283	391	290	409	473	532	372	409	441	509	406	357	360	291	510	0	398	56	663	397	674	413	505	407	660	513	657	407	306	607	571	583	595	434	385	403	556	645	801	593	531	500	759	534	513	1301	631	520
"GH10"	503	592	507	334	399	281	381	236	411	324	509	351	240	309	260	255	252	244	531	747	487	301	429	394	437	375	264	165	366	254	568	628	573	667	478	386	699	793	1360	900	848	661	393	789	540	806	759	905	629	875	792	828	604	725	528	557	620	6	720	37	311	282	279	416	280	318	306	494	294	213	257	411	318	414	477	500	328	393	751	506	580	552	384	364	332	398	386	393	421	443
"GH102"	607	620	876	399	373	504	531	517	437	576	477	462	628	1023	804	597	714	686	780	1141	806	505	517	471	519	701	573	777	826	686	992	943	1039	1047	616	596	1054	3861	1362	1001	1297	985	379	530	426	409	469	333	345	461	372	346	258	500	373	259	604	4	277	17	828	580	754	507	458	462	779	1023	789	768	868	1132	632	613	687	371	442	381	1077	864	1099	749	730	1035	1019	780	816	777	890	574
"GH103"	4222	4970	5658	3414	3326	3395	2495	3260	3321	3524	3977	3620	3864	6682	5160	4822	4848	5405	4616	6977	5530	4184	4038	6494	4418	6115	3695	4930	5183	4813	5982	4609	5743	5499	3775	3627	7699	7760	4177	5111	6095	5043	1695	3170	5278	3513	3339	2793	2566	2701	3473	2872	2662	2898	2213	1744	3054	37	2531	376	5430	4259	5090	4611	4812	3781	5882	7044	7000	5307	7224	6837	5476	5892	5428	3801	3602	3630	8903	7497	8913	9543	7407	9108	6913	6991	6413	4919	7221	3826
"GH105"	116	106	138	106	116	76	34	77	101	115	93	108	76	191	128	103	104	105	129	268	94	135	91	179	115	120	79	97	144	77	257	92	152	64	106	94	145	165	163	164	210	156	48	47	59	89	80	53	85	86	104	46	76	42	40	73	62	0	70	9	58	190	131	134	96	81	80	54	197	87	137	149	95	73	96	142	129	110	63	100	105	152	80	100	148	222	154	162	189	97
"GH106"	1353	1233	1440	811	891	918	1101	1068	959	863	796	887	1190	1569	1378	1377	1091	1135	1084	1651	1303	1399	1237	2004	1672	1585	1307	1188	1126	1085	2275	1748	2235	1250	2120	1521	1692	1897	1929	2099	2026	1628	668	1268	978	961	1101	862	844	1190	1086	998	896	742	993	882	1642	7	832	142	863	1022	895	1175	952	809	930	1027	1441	1102	1429	1219	954	1110	840	862	867	798	969	827	943	1047	888	1040	856	1020	791	911	1018	485
"GH109"	14	38	24	50	53	76	25	31	42	26	56	18	13	47	26	9	72	33	54	42	57	27	105	78	32	36	63	40	27	32	35	45	36	49	28	31	15	55	73	44	33	52	22	135	150	167	78	97	87	159	102	68	116	142	80	43	86	0	75	0	60	23	18	41	65	15	43	12	7	20	13	17	44	25	68	40	39	36	29	73	2	21	9	13	48	34	18	33	39	19
"GH11"	87	79	36	47	55	112	31	80	52	79	98	42	60	47	71	40	75	20	137	107	111	59	57	22	49	83	44	55	78	90	475	231	287	276	242	378	202	206	247	228	312	235	234	477	315	410	488	460	126	277	228	378	207	308	319	270	384	25	416	84	121	74	59	112	121	96	58	191	83	79	68	181	92	192	201	101	110	114	114	139	134	105	150	117	82	68	40	59	96	82
"GH114"	16	34	35	20	34	32	14	21	5	24	24	15	26	34	63	21	18	66	28	16	16	24	30	17	62	12	41	15	61	16	47	10	32	23	54	43	42	29	94	49	63	32	7	33	65	39	51	48	53	36	54	42	44	21	17	24	15	7	66	4	21	41	54	39	18	16	38	194	135	41	155	109	69	49	55	41	9	18	65	131	35	115	81	107	38	75	53	130	77	17
"GH115"	206	181	275	171	194	195	151	163	210	190	95	153	294	441	328	330	229	221	232	285	218	158	136	155	160	139	121	245	145	281	511	173	236	135	99	131	216	352	355	241	556	329	118	88	214	128	48	135	117	129	158	190	128	210	157	131	199	0	71	32	154	287	256	203	256	192	231	289	459	237	294	335	227	221	132	179	228	159	279	259	211	143	196	268	410	353	311	200	235	82
"GH12"	46	289	189	23	102	11	33	60	24	52	48	50	60	101	57	28	75	32	46	119	23	63	59	103	94	123	44	59	117	29	394	201	207	471	502	324	257	255	373	152	334	275	132	574	268	360	450	468	211	241	219	340	345	232	395	190	289	0	450	70	247	383	162	95	222	88	223	382	316	65	164	369	137	149	124	264	137	128	104	143	97	128	236	133	294	317	212	221	262	166
"GH121"	86	234	117	60	97	86	98	128	89	165	235	112	20	111	108	85	42	53	143	263	131	101	86	93	135	92	76	68	102	110	660	416	446	458	436	400	352	502	325	452	420	524	439	550	636	616	698	1095	421	764	604	778	783	787	491	383	553	20	860	86	127	160	114	200	230	203	185	180	173	58	97	285	117	252	123	230	195	177	123	240	240	154	230	131	64	82	33	171	175	176
"GH125"	39	32	24	24	13	14	10	14	0	0	86	0	14	19	21	7	0	14	60	23	25	15	10	0	25	32	41	43	24	24	16	19	46	30	27	25	0	40	42	19	12	25	18	24	13	2	25	34	0	23	32	20	0	22	4	30	11	0	9	0	7	16	23	18	17	11	25	7	24	20	28	28	0	22	33	5	15	0	15	24	33	13	32	9	57	42	27	41	39	5
"GH127"	83	109	192	58	2201	102	70	106	115	125	146	105	61	109	112	103	196	63	153	119	142	62	77	216	115	116	58	68	49	98	78	71	92	99	53	27	85	121	49	106	124	138	7	143	38	63	65	41	25	85	57	27	48	96	127	60	21	0	32	28	57	66	86	92	79	60	129	74	116	157	132	105	73	207	106	152	69	58	88	142	77	50	151	186	64	69	143	123	103	63
"GH13"	7688	8363	10641	8190	7539	9289	6220	8029	7385	7338	8586	8917	8514	10617	8940	8289	8780	9168	10940	12365	9009	8358	7019	8950	7125	9223	6043	6314	6709	6800	24280	19790	26385	18747	20990	18515	26121	22833	34557	27510	24001	28621	14363	22230	22599	17781	22336	27615	18461	20940	20511	19031	17173	16512	18774	13588	22204	290	21981	1944	9067	8199	8624	9145	9106	7329	10843	12048	12799	11896	11425	12903	10640	11636	10746	8629	8572	9099	13057	12620	12473	13451	12211	13506	9864	9713	8897	10298	11040	8290
"GH140"	91	73	51	21	63	30	16	63	110	80	55	108	35	60	38	74	93	99	47	81	48	84	33	87	99	142	87	84	89	90	401	235	245	138	110	183	279	307	439	207	213	223	64	235	134	264	230	252	135	153	157	159	137	171	187	68	175	1	98	9	89	161	182	128	153	90	110	119	108	123	178	179	83	81	117	96	108	20	232	286	266	236	241	280	95	89	95	44	76	92
"GH141"	34	36	46	48	33	60	20	27	55	48	32	49	18	70	41	40	63	64	67	30	26	89	58	63	62	26	14	68	68	36	38	15	37	13	0	0	41	26	28	21	20	5	17	22	35	12	5	18	0	16	33	4	35	37	34	18	14	0	7	0	60	189	118	36	39	20	29	109	151	39	118	152	24	53	35	28	32	34	21	38	15	18	20	24	139	236	210	326	109	52
"GH144"	235	248	348	180	147	126	132	103	266	153	217	199	160	155	119	189	127	185	161	381	229	271	282	693	257	209	156	69	155	97	228	164	93	149	144	173	100	582	128	233	277	159	80	58	71	97	85	101	184	84	133	59	78	184	92	64	280	2	62	0	124	78	85	99	120	79	108	91	147	160	30	159	50	66	131	112	177	119	195	92	244	138	99	231	96	63	92	132	84	74
"GH15"	8446	8772	10346	8466	7988	8939	7449	8220	8647	7894	8667	9213	8224	10712	10090	8910	8652	8480	10236	10154	9760	9243	8616	9866	8391	9905	7627	8197	8270	8491	12377	10814	12400	12603	12346	12831	12113	9659	15585	14983	12711	14635	6913	12783	11162	10200	13853	13824	10228	12461	11781	12071	10148	11336	11395	6705	12860	119	14036	1465	8672	7173	7913	8556	8087	7526	8906	9350	10383	10361	10367	11386	8718	10208	10230	8306	9587	8378	11126	10574	11452	11109	11016	11226	7674	7451	6173	7334	9101	8353
"GH16"	433	611	791	439	488	396	430	535	510	694	637	863	405	531	588	680	622	708	605	548	431	422	619	468	649	560	338	475	461	387	929	608	494	481	348	439	835	674	413	699	692	572	241	346	466	574	432	467	705	353	467	536	493	420	409	261	535	0	649	47	624	390	403	490	568	380	533	626	598	450	633	663	569	663	618	632	612	662	965	695	881	803	637	842	511	533	597	329	372	472
"GH17"	2640	5078	2935	2057	1437	1615	1575	1490	1657	1472	1741	1362	1725	2501	2493	2921	2321	2412	2762	4309	2296	2274	1913	2462	1654	2298	1486	1935	1976	1905	1803	1356	1702	1201	1305	1093	1954	2287	1395	1384	1555	1501	326	700	560	1089	1175	770	617	911	1270	914	738	1061	772	583	1052	36	599	169	2610	2254	2539	2173	2582	2297	1973	2750	2564	2078	2471	2251	2245	3072	2625	1651	1972	2029	2672	2187	2707	3032	2352	2565	2544	2747	2688	2021	2549	1955
"GH18"	2058	3022	3039	2709	3007	3602	2062	2384	2000	3453	3327	3745	2360	2418	2602	2279	2293	2028	2284	2362	2095	1738	1686	2068	2162	2745	1543	1433	2697	2458	10119	7217	7956	7261	6779	6987	11434	5693	12408	9379	7577	10517	6316	10895	11609	8353	11843	11557	8144	11143	9788	8772	8570	10061	8290	6396	8433	216	11961	2053	3508	3642	3225	2834	2686	2670	2431	3053	3651	2544	2897	3745	2674	3750	3914	2649	2588	2503	3309	3696	3691	3882	3837	3401	2485	2701	2286	4952	3895	3707
"GH19"	68	216	111	47	115	105	104	98	99	137	128	78	143	106	194	54	106	84	91	260	59	110	101	88	189	238	39	143	220	159	496	538	372	472	455	440	227	370	502	293	328	465	272	590	483	373	713	492	356	482	544	410	506	518	459	331	546	41	716	158	183	191	160	161	80	143	212	117	262	188	122	205	312	518	255	223	219	100	176	151	145	243	304	134	163	92	120	263	172	191
"GH2"	1444	1617	1620	1497	1874	1785	1219	1318	1923	1362	1408	1286	1263	1870	1488	1491	1265	1370	2401	2914	2521	1446	1671	1564	1241	1435	1055	1052	968	1092	2527	1466	2428	1573	1317	1208	2495	1955	2336	2223	2731	2333	867	1813	1645	1350	1314	1604	1281	1476	1491	1548	1466	1557	1352	1038	1710	47	1121	205	1430	1672	1404	1209	1253	1430	1228	1472	1638	1108	1176	1608	1485	1568	3110	2003	1827	1567	1223	1341	1649	1224	1708	1468	1586	1593	1372	1575	2027	1667
"GH20"	625	713	808	613	481	633	496	610	721	627	596	493	786	1199	883	600	428	709	870	861	758	585	535	634	749	772	503	565	582	666	1902	2021	1821	1158	1484	1376	1811	3206	2357	2151	2309	1653	999	1511	1460	1117	1299	1452	1130	1463	1448	1259	1178	1294	1278	845	1497	13	1322	135	562	682	591	353	425	500	504	721	812	633	801	715	619	826	516	590	489	504	800	780	784	711	699	982	1209	1115	970	774	650	335
"GH23"	24094	29307	30707	23492	26103	26908	20347	29545	21577	23624	31450	26383	18402	32516	23579	22860	30041	25846	33252	43724	29909	23633	23559	26662	30145	43636	27883	19330	22458	20518	54656	61597	63667	59092	60213	53230	70238	68582	91974	77527	60849	76683	35710	77280	62508	62269	85043	102721	55523	71246	67447	64910	59773	61445	60678	39855	65848	915	93821	11393	28154	21143	24439	27234	28738	20902	29826	35848	34732	31679	29026	34892	29624	36079	30272	28428	31502	31579	39754	41957	45481	49126	53060	56717	27016	23665	20407	28900	38192	29795
"GH25"	674	872	751	838	739	789	550	569	507	677	1026	759	617	881	757	620	787	664	805	729	801	782	701	1202	573	724	584	403	620	673	2703	3711	3723	3342	2823	2600	8383	3931	13748	5980	4540	3927	994	2826	2209	3056	2367	2264	1503	2159	2175	2579	2127	2639	2290	1779	2298	446	1863	631	757	831	761	646	731	585	980	913	1118	741	679	995	950	1312	875	747	718	574	1171	1211	1079	1488	1410	1246	862	826	639	884	1108	414
"GH26"	138	155	134	57	52	80	85	46	46	77	163	169	102	127	91	108	127	100	131	69	34	65	198	133	103	130	75	74	84	74	229	359	226	251	161	150	201	596	226	265	287	234	64	129	155	132	146	196	116	111	133	146	129	100	42	71	102	0	154	0	89	82	64	127	116	52	102	75	153	89	88	185	110	147	147	80	79	74	145	144	187	100	156	46	120	148	113	88	113	23
"GH27"	508	512	634	354	433	385	335	325	547	410	390	332	729	968	678	577	616	529	552	588	458	489	410	469	785	710	518	905	1069	982	1710	791	1310	628	681	554	1318	1045	1305	1174	1305	1190	387	492	630	416	573	499	530	476	545	634	471	642	667	485	701	7	431	44	633	945	800	598	536	378	1041	1117	1147	935	1155	1162	624	695	686	351	463	405	1154	1047	924	1202	1225	976	1304	1113	1003	1246	1052	415
"GH28"	1601	1653	1885	1935	1906	1517	1760	2036	1857	1952	1464	1736	1398	2126	1888	1706	1660	1823	2190	2172	2313	2296	2232	2629	1823	2210	1826	1696	1727	1955	2712	1946	2695	1795	2061	1812	2775	2256	2713	2377	2523	2114	1551	1758	1784	1646	2016	1470	1640	1789	1893	1705	1509	1458	1902	1352	2006	19	1821	204	1674	1941	1806	2117	1692	1747	1978	2097	2206	1951	1835	2030	1856	2036	1993	2046	1897	1974	1946	1929	1838	1955	1866	2156	1553	1600	1503	1678	1834	1672
"GH29"	788	831	998	808	833	755	549	754	574	877	833	558	1234	1419	1326	809	781	896	998	963	819	926	967	792	1355	1367	1255	1062	940	1118	2136	1247	2524	1210	981	1107	3928	1878	4884	1594	1414	1443	609	1119	695	827	790	997	847	724	1021	954	687	946	924	662	962	23	820	137	1108	869	1111	885	747	712	1596	1436	1738	1435	1515	1679	731	699	836	733	776	680	1082	1120	1023	1198	1103	922	1585	1977	1652	1221	1211	549
"GH3"	4462	6025	5334	3837	3526	4023	3178	3041	3606	3443	3141	3123	3606	4497	4131	4023	3637	3543	5216	6554	4617	3967	3600	4773	3130	3986	2601	3093	3335	3232	5955	3756	5659	2273	2605	2560	5902	6029	4649	5336	6121	5440	1983	2600	2641	2820	2692	2730	2319	2601	2915	2592	2343	2805	2595	2020	3164	85	2788	361	4031	3966	4089	3392	3727	2915	4167	4005	4720	3513	4172	3991	3875	4312	4120	3242	3283	3344	4578	4073	4537	4556	3912	4356	4490	4264	3490	3538	4114	2467
"GH30"	108	223	131	73	66	74	74	91	112	108	123	70	111	193	117	58	103	74	185	108	114	1743	170	4320	88	130	188	83	183	103	286	117	254	288	245	171	198	290	281	133	239	362	183	407	262	238	286	203	183	227	268	277	140	179	166	105	318	1	371	21	106	205	142	98	76	117	196	124	119	83	117	182	88	130	154	150	50	77	240	203	286	201	234	237	101	145	136	132	170	78
"GH31"	437	554	322	400	383	262	231	278	284	343	246	279	287	290	286	292	241	480	276	472	372	294	293	443	373	426	276	366	463	293	1316	649	758	809	515	534	969	726	868	665	775	780	373	685	566	708	437	534	496	444	448	569	435	513	523	369	586	46	803	65	330	519	395	327	282	329	555	872	807	674	299	565	380	488	352	333	400	306	502	567	769	777	771	667	394	370	249	332	359	420
"GH32"	99	74	173	125	90	126	122	142	132	107	174	253	132	87	110	104	95	42	91	213	123	120	88	245	110	243	117	54	90	114	240	128	282	275	309	201	1934	473	425	232	243	225	200	154	149	183	333	521	110	129	214	199	142	108	158	106	193	0	276	13	95	93	81	119	103	94	80	111	69	82	86	66	119	200	121	73	88	108	121	153	195	101	118	83	107	142	97	61	103	68
"GH33"	111	165	264	157	167	114	152	149	101	135	235	168	157	327	191	193	152	266	147	332	196	253	228	213	251	251	106	88	148	186	154	215	264	271	239	202	133	229	219	182	240	192	267	343	299	278	334	324	160	367	344	309	317	281	233	127	380	0	214	98	155	179	134	194	161	184	176	191	177	163	170	251	165	222	132	196	168	237	233	358	344	246	214	213	161	220	151	242	181	187
"GH35"	109	100	228	128	149	118	150	101	149	353	96	90	93	168	117	126	80	77	173	279	230	212	164	210	150	127	101	213	189	134	895	227	379	181	163	191	337	473	169	411	463	377	64	187	327	107	60	169	149	68	115	161	37	121	51	49	132	0	98	257	143	241	256	175	162	88	226	151	252	238	110	352	86	284	112	129	197	124	276	204	241	225	158	260	151	199	202	263	204	103
"GH36"	75	64	86	61	394	25	25	66	101	64	36	44	121	188	165	46	68	47	106	76	53	44	100	29	77	57	75	152	138	105	73	94	144	94	135	38	41	131	82	90	88	113	67	88	70	65	104	97	79	77	32	49	93	45	59	33	80	0	106	7	172	177	79	98	93	48	99	227	322	174	315	265	72	98	66	23	61	52	85	101	64	116	92	130	351	405	442	448	404	75
"GH37"	99	79	194	158	158	114	69	118	138	153	171	128	104	229	192	165	203	155	109	158	26	111	95	168	122	106	126	183	185	154	2780	1113	1011	1083	1132	1102	997	1414	511	980	1024	871	661	1621	1303	1207	960	766	1334	1495	1813	1486	1582	1120	1165	949	1618	7	928	341	183	78	123	51	33	31	424	302	576	428	191	307	91	197	202	99	47	129	363	288	312	238	323	134	239	227	218	130	148	73
"GH38"	59	27	52	62	53	24	28	79	31	41	11	50	80	72	72	87	71	55	57	70	30	59	38	72	84	79	59	59	22	26	102	57	159	52	19	42	170	69	75	110	36	88	23	49	84	78	53	72	7	103	69	48	51	21	41	26	41	6	103	0	35	31	38	43	37	28	21	68	31	48	56	60	25	48	38	41	39	43	29	36	32	50	24	47	61	48	84	78	31	30
"GH39"	381	356	322	190	227	218	116	166	312	327	264	177	273	287	289	338	350	354	360	324	273	266	372	332	308	339	181	301	246	231	1025	546	851	727	789	801	895	621	1049	691	886	814	323	669	562	390	439	525	471	468	494	443	464	574	495	379	450	0	496	20	207	197	258	325	217	135	465	416	458	248	283	372	284	337	341	300	314	217	588	281	397	373	290	351	298	303	303	215	183	186
"GH4"	66	25	43	33	45	40	49	72	26	47	41	52	57	100	89	27	33	34	68	23	38	30	20	21	48	58	33	27	38	62	46	32	62	80	43	53	94	101	101	73	44	124	23	47	95	56	109	126	68	87	115	55	80	18	75	59	61	0	75	0	63	75	82	46	53	21	72	129	99	67	39	87	61	90	30	38	53	60	89	97	23	77	66	41	49	50	40	82	25	48
"GH42"	12	8	60	10	18	7	25	10	27	0	29	46	54	28	32	41	31	39	48	78	24	33	51	19	54	41	54	43	60	71	20	9	26	55	44	66	65	55	62	38	54	76	13	55	34	25	18	56	26	42	62	58	14	46	47	16	14	0	32	0	32	30	11	11	19	38	58	54	47	57	51	19	0	33	65	30	33	30	26	70	23	39	56	7	44	55	49	19	56	29
"GH43"	1846	2271	2236	1859	4140	2237	1136	1593	1550	1472	1670	1203	1201	2285	1767	1584	1809	1612	2811	3263	2253	1197	1593	1787	1647	2181	1182	1156	1300	1225	4422	3594	4371	3400	3661	2981	4806	4201	4426	3889	4185	4291	3116	5738	5017	4813	4867	5602	3436	4395	4415	4648	4712	4585	4173	3276	4553	110	4590	1001	1484	1486	1494	1570	1847	1262	1910	1566	2050	1262	1342	1755	1762	2130	1937	1819	1442	1480	2014	2042	2601	1984	2075	2203	1367	1498	1212	1251	1919	1558
"GH44"	63	26	13	22	49	41	39	55	54	70	16	34	47	65	77	70	90	57	57	75	48	64	37	30	58	94	57	79	67	53	66	83	106	73	71	39	69	24	30	56	80	20	6	29	164	70	56	37	53	66	77	57	80	20	33	49	66	0	12	0	88	81	35	50	62	44	125	52	109	93	104	71	20	94	51	14	68	11	73	90	105	70	143	40	43	78	84	48	65	33
"GH47"	28	27	76	4	38	17	15	91	43	55	34	14	10	30	37	46	33	48	73	74	64	22	56	40	28	81	54	67	127	57	446	79	118	38	40	23	189	152	185	301	173	184	8	15	49	20	47	26	24	12	17	28	27	43	37	20	62	0	38	6	37	39	68	31	17	50	69	58	73	69	24	65	25	71	64	24	40	21	117	64	145	96	27	185	67	41	43	43	38	34
"GH5"	1014	953	1326	736	847	1029	738	877	1030	1038	773	1030	1067	1226	1002	1001	917	960	1248	1356	1275	1182	1245	1335	862	1010	796	964	1067	1097	2057	1125	1587	1023	866	646	1544	1472	1683	1470	1356	1401	607	1153	842	955	840	689	700	1054	1141	889	631	1020	860	723	979	87	816	242	986	761	893	1006	908	720	1089	1457	1376	910	1175	1158	847	833	910	867	900	684	1079	1255	956	1023	1081	1185	1311	1494	1260	1066	1119	674
"GH51"	885	982	1029	839	905	895	785	661	955	989	692	840	894	1188	805	987	911	720	975	1189	970	792	840	914	1458	1253	1114	741	663	820	1943	1248	1632	1256	1431	1310	1445	1545	1857	1467	1546	1878	743	1414	1280	1193	1567	1397	1106	1589	1237	1390	1246	1419	1085	805	1441	43	1311	306	1007	989	903	948	871	779	1005	932	1123	756	1102	1056	887	934	1068	711	737	827	1117	1161	1070	1290	1073	1062	1101	1081	1110	788	922	702
"GH53"	109	146	227	152	182	128	102	160	151	214	107	148	136	270	243	168	114	112	144	271	114	127	76	124	197	123	62	107	195	176	430	213	157	249	242	181	207	395	390	233	101	201	197	420	244	261	338	312	238	388	245	265	226	238	312	163	220	2	470	97	249	278	270	175	168	248	206	154	193	84	148	216	273	167	304	98	102	146	116	203	270	184	221	195	151	248	122	481	281	252
"GH54"	98	64	79	108	93	95	97	18	87	46	6	14	422	906	634	130	100	171	84	83	92	356	234	258	114	222	167	501	465	539	130	0	66	0	3	0	53	34	24	42	40	11	0	5	8	9	19	18	3	0	6	1	7	0	1	13	10	0	0	0	321	538	604	183	336	205	299	594	543	547	707	657	185	420	143	85	72	121	127	183	114	178	251	122	953	943	885	1717	1031	68
"GH55"	168	125	227	194	195	152	113	141	100	99	87	88	178	173	238	131	115	177	132	155	153	152	102	81	97	149	164	171	133	136	375	175	124	130	72	108	173	186	194	167	169	185	39	94	89	99	112	97	52	77	96	88	41	92	74	53	98	0	122	14	155	202	232	136	140	98	186	505	470	312	398	350	180	296	103	242	270	260	250	276	194	402	322	286	418	470	315	301	214	176
"GH57"	353	314	315	337	359	559	361	702	415	507	555	700	467	541	325	556	480	352	609	309	351	661	598	540	622	486	443	270	317	340	172	183	157	316	247	336	182	217	100	192	137	271	267	312	355	147	394	160	371	421	429	230	274	212	327	203	282	0	323	38	330	161	189	250	121	246	290	222	261	398	256	282	249	267	191	335	286	259	391	352	428	377	360	284	201	172	201	564	1266	624
"GH6"	432	846	625	767	733	865	1022	1645	1177	1656	2797	2008	443	662	585	511	862	572	1020	1108	754	294	303	315	584	1029	318	546	759	733	4083	1742	2146	2104	1926	2033	2021	1524	1966	2079	2091	2586	1957	4769	3583	2690	3700	4027	2435	3380	3058	3409	2760	3113	2045	1944	2041	113	3196	765	368	747	482	585	626	575	1102	1778	1358	887	1034	1557	836	844	884	560	791	682	1486	1907	1918	1436	1730	1380	650	737	863	974	638	619
"GH62"	96	271	202	156	201	145	125	183	91	202	305	246	285	329	261	230	227	154	150	171	77	69	79	56	60	163	103	266	256	201	744	475	341	328	307	243	414	290	534	395	281	507	160	459	500	304	319	472	237	259	248	356	359	328	277	181	306	0	399	95	439	515	320	233	384	360	406	610	698	163	747	536	268	343	392	202	173	159	425	574	375	258	455	294	514	468	375	812	802	362
"GH64"	63	87	37	43	56	29	68	73	14	65	76	68	81	63	57	34	60	73	44	48	79	61	57	72	34	79	35	19	92	47	459	385	287	324	359	304	325	207	346	368	293	345	197	424	315	360	539	516	327	393	404	303	388	372	399	185	454	11	587	130	81	135	86	96	100	89	99	122	113	76	47	132	56	84	101	116	97	60	54	84	123	92	124	72	108	95	90	100	177	156
"GH65"	34	31	8	74	74	24	13	33	54	79	36	35	33	48	30	48	39	45	68	54	84	52	42	36	16	58	18	46	15	17	31	64	42	50	39	107	16	53	94	31	63	16	24	67	58	52	61	119	47	23	96	64	48	52	112	45	64	0	73	7	15	29	72	71	62	47	86	38	84	33	29	75	27	63	40	80	63	47	28	38	79	70	25	71	37	27	30	52	18	63
"GH67"	2317	2695	2844	3043	2471	2759	2162	2077	2476	1933	1828	1473	1228	1992	1545	1921	2205	2172	3942	3704	3428	2608	2517	3911	1748	1999	2073	1264	1147	1273	2448	1920	3146	2295	1499	1589	2323	3137	2546	3168	3099	2769	1324	1786	1833	1918	1757	1253	1549	2204	2500	1280	1492	1803	1652	1417	1946	85	1058	228	1896	1166	1462	1956	1680	1655	1566	1155	1228	994	1055	1175	2168	2007	2263	2209	1865	2003	2607	1740	3163	2016	1829	2396	1117	929	751	901	1636	1796
"GH68"	400	343	449	189	249	177	125	173	118	127	240	200	246	249	202	276	343	368	516	901	442	115	135	348	305	600	269	154	139	84	716	490	719	1173	1254	947	854	1188	1036	527	687	670	164	818	890	665	1168	2086	530	800	950	532	607	579	737	392	1078	0	1269	208	208	55	95	193	305	152	202	188	246	86	136	276	219	335	278	173	298	330	305	208	298	466	285	232	158	177	107	203	149	103
"GH72"	48	57	64	31	47	17	48	21	79	40	19	25	41	43	38	23	61	19	62	34	64	48	68	34	70	73	32	13	15	71	44	15	30	24	30	45	70	38	59	46	52	29	24	27	42	28	40	80	21	25	61	26	27	40	24	23	58	0	60	10	19	57	36	62	39	34	36	3	73	85	18	19	14	29	24	11	30	21	47	71	63	37	64	54	37	58	42	23	31	22
"GH73"	74	99	137	14	25	19	135	22	66	50	38	50	9	22	36	28	18	42	38	221	22	89	92	184	56	105	138	42	32	22	65	33	55	34	80	42	60	61	140	26	28	38	16	6	15	45	37	43	2	2	47	46	54	24	20	0	28	0	50	15	51	17	34	46	23	19	17	44	16	57	37	47	7	28	17	19	27	10	90	51	168	113	73	106	42	19	30	6	41	7
"GH74"	97	126	108	33	35	26	38	44	22	29	60	48	63	56	77	56	33	5	95	60	74	13	97	84	66	140	84	180	241	238	110	55	60	56	30	26	42	48	53	51	68	39	35	79	72	86	32	60	80	71	73	48	56	73	95	36	99	11	63	3	54	35	74	27	26	22	265	171	214	124	197	359	24	61	92	63	33	64	227	150	278	82	211	193	121	43	125	22	48	19
"GH76"	11	48	21	18	58	36	7	18	21	15	17	30	57	99	20	13	39	61	45	50	40	5	0	11	41	31	8	6	24	7	197	144	41	188	212	108	166	100	220	108	149	111	134	405	516	266	445	406	174	256	291	323	297	374	244	124	151	0	211	14	17	44	30	59	26	11	9	0	36	44	19	27	15	43	11	25	13	16	25	56	48	29	14	32	22	12	43	89	32	23
"GH77"	188	100	195	115	158	97	161	163	107	212	167	244	152	237	105	138	174	145	260	269	129	263	262	246	252	364	180	413	395	344	204	170	122	163	202	122	179	157	209	205	230	199	90	163	192	157	313	146	191	231	317	195	225	217	200	120	203	0	204	19	179	156	188	215	228	169	157	204	319	246	200	165	195	231	178	145	106	172	191	129	256	225	188	187	138	158	223	155	157	178
"GH78"	180	276	193	180	114	164	100	135	132	140	144	162	106	196	187	256	98	139	180	274	117	135	160	204	131	92	205	126	191	162	261	244	271	298	251	390	189	263	178	324	257	257	103	292	230	298	175	257	217	290	199	249	292	214	184	147	213	0	172	42	154	162	119	117	146	76	186	182	222	181	193	160	181	148	299	136	132	113	183	172	144	147	282	232	154	246	164	135	150	104
"GH8"	206	257	332	232	252	462	338	323	534	511	602	367	198	249	186	327	289	277	391	178	259	398	353	520	401	365	280	201	194	194	174	61	112	238	134	147	313	169	123	37	108	159	178	426	509	133	166	214	262	206	215	179	126	114	89	109	165	0	189	4	242	245	99	158	155	205	161	143	264	273	105	220	223	195	347	205	261	160	152	96	155	130	159	99	107	90	111	222	1101	659
"GH84"	37	40	13	61	16	11	9	17	15	16	13	27	33	27	18	5	25	26	20	8	10	10	21	16	27	6	11	10	8	24	27	29	33	44	59	69	51	13	26	54	19	24	2	144	115	191	108	88	46	103	75	159	118	140	166	33	64	0	92	5	22	20	59	56	7	18	28	14	12	27	52	11	47	19	53	7	4	24	48	81	19	94	50	50	54	17	15	6	27	0
"GH87"	199	269	212	244	271	244	230	354	343	221	345	360	352	516	472	283	230	418	220	317	205	114	130	215	139	243	80	447	431	358	1551	624	1062	732	518	499	1670	770	1524	850	768	997	360	882	885	731	813	945	395	612	883	871	747	707	834	620	644	1	858	200	508	618	721	313	256	389	434	1167	1284	531	856	749	398	795	467	276	171	236	512	707	698	1057	771	764	951	1143	861	1822	1551	812
"GH88"	34	26	29	36	45	19	12	19	14	33	39	6	58	44	23	18	27	33	51	64	105	29	14	18	19	14	38	35	33	45	57	38	72	5	42	26	34	62	32	40	55	25	20	17	8	4	18	6	27	34	9	17	10	28	10	18	48	0	15	0	31	15	28	60	34	9	85	11	53	17	51	9	9	12	11	13	7	14	46	34	8	54	55	25	83	71	152	106	74	14
"GH89"	27	24	22	29	2	20	26	16	29	18	11	84	14	1	29	25	19	15	62	60	16	25	16	32	9	57	13	22	20	12	97	90	98	127	87	41	69	65	100	44	115	45	27	104	61	136	86	129	53	51	43	95	100	161	53	25	42	0	240	17	0	31	13	8	40	20	3	34	35	41	29	27	32	47	41	21	28	19	9	23	60	33	20	47	19	19	24	5	19	31
"GH9"	341	343	468	287	303	327	282	454	240	296	249	217	150	217	132	208	256	330	421	382	294	286	302	309	413	397	333	353	350	419	539	430	578	490	364	365	891	592	453	586	578	544	279	445	333	334	520	353	345	414	491	425	445	369	612	289	463	23	390	16	227	196	303	232	162	227	351	403	413	263	253	307	221	286	313	286	298	308	340	447	356	306	414	417	215	284	323	325	323	324
"GH92"	424	566	1291	472	503	372	659	733	712	663	979	667	633	850	742	709	506	585	572	1064	608	697	517	725	558	531	505	713	936	684	1649	1186	1160	1225	1155	1331	1446	2205	1204	2091	1933	1377	960	1297	1267	1053	1105	1399	1220	1497	1261	993	1380	1517	1108	708	1278	22	1387	81	1095	983	856	1060	670	608	1360	2341	1835	1823	2180	2821	734	811	751	546	779	604	1478	787	974	907	666	1379	1198	860	748	2388	2041	463
"GH94"	744	641	843	630	3354	743	627	747	722	544	483	708	925	823	964	859	742	789	907	774	854	911	1017	716	1050	878	825	719	657	852	417	446	458	304	307	264	281	436	258	385	323	384	237	437	322	292	441	187	335	328	330	300	255	242	302	178	324	30	268	16	673	578	720	471	552	546	578	684	588	620	765	649	725	615	708	719	761	624	608	651	534	592	586	690	699	709	625	814	644	505
"GH95"	272	333	271	329	360	263	324	226	296	298	251	253	322	388	337	294	214	302	260	322	308	279	218	322	370	429	334	272	329	391	876	362	652	300	394	329	1252	265	1144	501	573	560	303	428	466	372	366	358	367	468	366	411	330	436	376	390	441	25	394	133	321	475	397	286	284	374	247	248	369	256	267	419	331	419	401	320	254	178	330	381	333	252	334	329	446	507	358	463	387	291
"GH97"	178	152	390	183	164	88	141	102	78	190	116	129	152	149	105	168	120	122	182	288	263	156	94	225	155	194	161	117	150	101	214	153	219	98	153	119	182	255	212	200	209	206	74	115	148	142	161	131	234	180	161	148	158	179	164	81	130	0	160	0	92	86	105	78	43	123	80	50	175	63	51	123	140	130	150	112	123	91	141	143	84	87	88	207	50	108	67	132	174	85
"GT0"	223	211	178	145	113	109	150	42	163	148	112	109	181	229	267	300	258	192	250	328	231	278	190	558	221	365	169	255	144	181	204	198	245	218	105	148	408	302	203	262	324	205	44	118	32	102	91	94	45	56	147	83	68	124	122	70	134	3	98	11	213	129	92	98	144	87	228	187	278	267	232	271	167	211	126	97	162	78	167	216	239	226	193	286	256	309	191	185	231	70
"GT1"	101	129	144	119	124	137	107	130	85	56	136	68	135	71	120	78	79	142	199	127	75	108	101	89	200	241	111	123	140	146	169	123	140	243	117	150	2104	270	193	207	227	268	128	109	96	180	93	157	110	97	135	108	148	133	142	54	157	0	154	23	76	175	88	151	131	88	164	219	171	94	126	125	156	136	144	125	170	137	182	178	226	157	146	226	126	162	129	117	122	94
"GT19"	91	57	35	82	67	24	34	53	82	24	9	17	18	40	40	30	48	33	23	74	67	71	56	61	54	45	72	45	45	34	21	16	56	33	38	5	5	11	53	37	32	53	7	13	15	0	4	42	57	2	32	21	25	18	18	18	30	0	16	10	23	46	58	31	33	20	5	56	52	50	45	46	29	24	14	82	29	58	47	37	68	58	31	34	19	13	58	38	28	56
"GT2"	6004	6446	6792	4965	12063	5038	4271	5161	4255	5062	4763	4529	5540	9017	6533	5632	5771	6097	6856	7734	6768	6752	5822	8603	6782	8233	6488	5812	5872	5671	9389	8902	9107	9574	8051	7930	9703	14191	12269	9398	10054	9845	5890	9002	9557	7870	8354	9650	7202	8506	8433	7215	7073	7477	6679	5132	8627	151	8162	676	6779	5461	5883	5853	6929	5293	6845	7750	7509	6446	6793	7603	5949	7345	6654	5202	5257	5007	8129	7385	8647	7414	6913	7913	7178	7283	6272	8712	10123	4158
"GT20"	1523	1414	1438	1422	1203	1396	1197	1275	1133	1454	1408	1732	1589	1912	1778	1747	1759	1654	1498	1544	1701	2009	1372	1856	1975	1847	1513	934	909	1059	1435	1478	1492	1301	1623	1598	1529	1663	1701	1693	1331	1505	861	1192	1598	1105	1741	1471	1328	1433	1594	1216	1318	1091	1363	858	1299	31	1715	312	1330	1138	1150	1176	1204	1196	1308	1179	1264	1337	1065	1329	1071	1505	1433	1446	1137	1161	1604	1693	1887	1817	1564	1899	851	924	558	837	1143	1366
"GT21"	148	124	147	66	86	96	27	110	58	86	126	142	193	411	244	99	126	84	78	116	95	219	191	198	239	274	234	235	229	183	242	234	217	159	161	84	63	482	246	112	168	183	63	249	209	150	213	131	155	139	177	154	168	141	104	68	150	24	201	53	201	152	236	145	206	312	212	343	307	205	501	467	234	157	207	125	176	146	149	195	204	122	123	200	601	576	753	743	655	67
"GT26"	142	112	140	72	42	116	74	92	108	127	49	108	68	103	54	79	69	176	67	60	78	56	111	131	90	123	108	46	114	61	115	116	119	91	63	108	63	124	121	131	148	120	136	153	194	119	150	91	150	158	150	127	127	118	123	86	64	0	104	11	113	78	127	86	72	97	120	144	93	87	100	106	64	99	61	43	186	59	88	89	83	65	114	76	124	53	95	87	110	78
"GT28"	278	251	238	154	176	115	104	118	81	200	168	60	276	391	298	238	186	187	112	292	276	118	257	244	244	264	84	174	263	243	382	232	303	343	206	121	229	360	183	224	399	361	111	85	152	179	218	111	66	114	166	135	112	86	114	106	226	13	63	29	269	164	225	209	348	166	309	308	411	313	521	387	143	298	228	185	146	121	389	299	472	431	436	606	208	321	196	252	193	149
"GT30"	1188	1185	1324	768	888	903	638	660	932	728	765	670	726	1194	664	944	919	997	1163	1830	1034	1445	1159	4223	1484	2000	1528	957	727	661	1432	1282	1154	1316	1060	1056	1503	4051	1804	1242	1153	1087	732	956	1125	930	703	540	639	597	1049	625	716	552	715	497	915	41	464	24	622	689	523	866	653	646	723	840	1043	721	624	811	772	798	1168	969	832	915	890	708	871	802	684	1094	741	783	689	680	704	673
"GT35"	397	269	477	346	329	360	401	374	370	251	230	310	423	402	258	471	318	387	446	408	475	479	533	551	414	434	370	310	240	357	302	321	344	260	259	254	259	261	264	318	249	319	212	282	256	279	422	326	278	269	322	260	273	313	293	215	304	7	316	27	289	269	345	305	298	311	328	432	435	420	329	353	359	413	519	421	376	400	391	428	445	353	347	477	319	263	335	318	300	284
"GT39"	2050	2607	2948	1938	2044	2303	1033	1967	1125	1413	2405	1592	1990	4009	2725	1779	2854	2172	2776	4351	2465	1245	1587	1378	2205	3587	1723	1926	2078	1405	3351	2502	3532	2502	2510	1831	3366	2683	4716	4583	3532	4779	1957	4008	3687	3743	5814	6870	2833	3916	3363	3874	3379	3797	3599	2241	4113	69	7301	854	3499	2500	3146	3231	3989	2523	2578	3513	3488	3287	2403	3616	2943	4292	3019	2391	2412	2367	3399	3795	3721	4472	4517	4556	3582	3185	2600	4492	5439	3805
"GT4"	1353	1193	1463	943	1019	1064	1184	1189	1085	1138	872	1272	1050	1402	1054	1597	1337	1712	1532	1621	1422	1600	1460	1440	1619	1695	1239	1082	1244	1258	1851	1739	1715	1588	1467	1677	1749	1514	1993	1849	1818	1798	1238	1871	1815	1760	2170	2196	1560	1841	1883	1906	1612	1746	1625	1204	1782	21	1708	335	1135	1144	1105	1007	1393	1130	1193	1253	1467	1360	1336	1386	1130	1452	1235	1267	1453	973	1783	2021	1855	1457	1366	1432	1206	1377	1271	934	1152	1103
"GT41"	52	38	54	46	45	37	51	80	61	74	34	25	53	64	25	67	50	72	39	49	51	28	43	61	89	81	26	47	56	57	50	50	68	49	27	9	21	52	3	20	24	40	15	13	37	24	34	24	15	17	50	32	22	64	31	19	57	0	30	0	36	77	65	42	24	35	49	39	180	68	67	49	49	21	68	67	25	13	47	50	52	63	85	110	31	65	88	69	38	17
"GT47"	101	68	93	49	60	78	64	44	80	114	81	70	83	60	112	86	68	113	115	120	66	94	122	137	108	63	104	90	92	96	49	68	100	114	67	54	104	44	89	75	81	105	74	178	95	83	115	44	155	114	87	94	124	122	95	59	116	0	117	14	80	26	50	41	71	44	58	58	69	104	48	73	104	192	107	61	89	68	93	79	60	161	76	164	61	72	71	74	79	48
"GT5"	153	148	293	130	136	79	92	155	130	149	169	180	240	145	77	159	181	187	272	176	153	314	105	738	188	223	214	237	145	237	439	527	213	325	120	140	271	3733	486	112	269	313	94	77	109	103	149	95	39	155	122	78	135	200	74	46	127	0	103	29	307	152	199	173	100	150	184	157	219	147	204	223	154	90	163	176	193	153	179	172	215	166	198	383	99	143	87	77	129	82
"GT51"	19108	21419	24976	15776	15347	16125	13118	17967	15077	16486	17405	16501	18084	27081	21830	19316	21178	22283	21976	26245	22453	19075	18083	21642	24005	28767	21998	18655	18970	20181	32569	30561	34200	30785	31151	27667	34109	44083	41777	39516	34654	36599	22706	34602	33288	28796	36708	40967	31065	33261	33776	29979	28235	27454	30709	19861	34835	427	37883	4530	19485	16496	17787	18903	20268	14651	22419	25127	27006	23723	21983	24547	20692	22776	20089	18119	18623	18301	29298	26981	31072	28880	26710	28688	22272	21158	18131	20108	24993	18463
"GT53"	806	801	1022	562	482	604	459	895	523	569	837	838	1000	1172	1169	1036	1135	1236	983	1019	869	1029	715	881	391	639	403	414	538	277	546	454	628	515	453	515	218	494	532	658	414	835	265	794	536	488	698	648	426	339	553	398	482	407	516	340	757	37	379	103	502	623	646	945	816	545	943	1228	1009	1039	1036	1249	1267	1397	1116	673	597	505	1396	1292	1613	1676	1253	1644	617	522	372	495	507	334
"GT66"	66	102	31	96	67	84	41	53	60	36	48	98	69	100	60	127	73	101	105	86	90	98	74	114	131	103	43	69	41	88	92	76	65	160	81	150	194	50	118	104	96	88	67	125	117	126	146	177	116	107	96	163	127	186	144	83	53	0	263	33	91	79	85	63	67	95	59	69	58	122	92	82	87	111	98	80	117	62	78	62	75	50	53	74	58	75	57	26	47	88
"GT83"	1528	1653	2156	722	580	563	1189	1192	879	1216	890	808	1665	2265	1962	1497	1372	1737	934	1161	1069	1912	1417	2990	2005	1837	1751	2503	2041	2499	2334	1198	1916	968	640	687	2340	2635	1425	1563	2427	1650	370	606	703	550	464	388	309	424	609	558	444	503	422	382	602	0	315	35	1620	1165	1615	1734	1648	1287	2743	3003	3287	2662	2899	3370	1585	1604	1391	1092	1256	1131	2560	2346	2524	2923	2258	2285	2388	2539	2097	1798	1536	711
"GT84"	117	122	128	227	101	142	159	164	186	182	89	62	82	105	109	174	194	166	144	131	146	237	113	151	217	186	129	142	87	125	73	70	44	82	84	60	85	30	25	63	119	92	40	52	62	43	90	58	34	83	116	75	112	46	109	42	111	1	86	21	102	80	104	108	125	100	77	84	65	95	41	108	145	90	123	98	162	47	90	125	68	111	129	111	140	115	76	130	158	53
"GT85"	216	144	336	129	156	235	84	177	125	112	106	167	280	325	363	332	261	365	261	248	271	124	163	226	138	72	89	85	106	72	135	12	80	69	89	53	87	67	129	141	66	139	13	125	106	89	153	52	41	69	59	63	69	49	39	30	82	0	167	6	100	150	147	192	138	179	473	387	492	352	630	553	361	284	254	214	194	110	515	320	535	574	360	433	173	119	150	286	307	142
"GT87"	284	357	346	248	286	189	258	340	323	407	555	624	381	412	437	295	361	380	468	395	391	159	88	246	76	296	131	205	223	229	394	323	357	512	675	420	498	306	411	476	446	549	468	1129	719	523	940	757	454	628	607	553	671	638	618	355	537	70	1064	104	484	418	460	456	557	321	417	526	495	291	323	467	528	654	578	219	200	211	429	599	533	844	716	711	453	650	432	371	483	177
"GT89"	99	177	191	189	161	243	221	373	184	283	441	286	80	165	203	131	156	170	405	268	286	246	93	67	143	196	99	183	190	123	120	69	164	99	49	108	109	123	124	134	120	194	104	258	110	187	224	201	121	234	223	200	236	79	133	123	166	0	238	14	216	119	188	186	158	136	341	352	272	351	215	436	226	389	264	213	160	222	331	218	255	476	291	348	130	188	126	117	199	133
"GT9"	1533	2368	1470	1179	797	989	708	588	811	800	687	683	858	1211	973	1119	998	1322	1202	2752	1759	1293	1205	1773	755	1216	872	790	760	632	1060	705	809	604	480	471	862	1673	601	1099	1121	753	238	307	204	471	328	374	275	246	492	228	255	377	267	154	581	35	324	11	716	653	675	986	738	479	721	498	703	590	381	528	891	848	690	657	620	719	863	886	1048	827	729	884	915	604	562	804	942	501
"PL0"	240	167	211	150	145	179	142	144	211	125	152	121	59	195	136	128	110	229	350	353	475	256	135	330	180	136	137	95	119	113	622	738	554	662	719	632	463	757	1247	635	703	431	542	626	454	587	358	466	291	247	587	632	423	481	710	367	808	37	498	98	66	77	194	155	190	168	170	213	108	116	134	139	252	179	189	142	106	169	235	121	267	197	180	209	152	161	114	79	112	127
"PL1"	2076	3182	3723	2377	2460	2426	2185	2392	2611	3305	3247	2706	1887	2198	2268	2202	2054	1802	3097	5046	3410	2055	2325	2720	1759	2573	1518	1420	1670	1293	4889	4068	5146	4365	4240	3854	5087	5654	7173	5126	5477	5658	3759	6306	5723	5398	5577	6637	3691	5171	5707	5237	5315	4953	4439	3416	4842	243	5130	1511	2350	1974	1908	2859	3370	2554	2119	1835	1791	1122	1409	1917	2780	3046	3443	2623	2519	1995	2453	2883	3332	2430	2677	2627	1518	1249	966	2388	2798	3005
"PL10"	1364	1806	3516	1589	1519	1453	1789	2075	2042	1963	2055	1584	1646	2677	1955	1313	1567	1773	2961	4656	3627	1990	1999	2097	1330	1812	1163	1408	3179	1671	2043	5165	3867	3159	2672	2691	3778	5672	4594	3990	4096	3365	1933	1875	1762	1686	1415	1464	1926	2206	2307	1843	1774	1660	2035	1665	3627	75	1484	293	1794	1549	1754	2248	2271	1746	1093	930	911	879	595	986	2795	2228	2212	1832	1584	1886	4246	2225	3437	2458	1980	4509	980	697	665	1156	1843	1258
"PL11"	5344	7501	7229	6761	7452	7291	5433	6561	6026	8154	7128	8123	3846	4306	3820	5449	5236	5035	7647	8645	7925	6344	6249	6362	4517	5347	3512	1590	2279	1929	11776	9135	11024	9991	11091	9353	9673	10540	11536	11906	13544	10483	5567	11974	9005	9891	10251	10490	7786	10479	11314	10311	8451	11041	11211	7546	11100	377	8864	1141	5343	4005	3962	5252	5629	5464	2685	2824	3503	2258	1976	3010	5831	6950	8355	7242	5746	6366	4103	3943	4766	3780	5244	4150	1902	1714	1190	3199	4063	6670
"PL14"	37	18	33	8	55	58	40	48	9	11	67	24	29	12	9	43	44	29	53	50	31	16	9	18	22	25	9	3	0	0	27	20	40	57	63	64	12	61	14	31	24	29	63	95	156	49	29	57	39	106	53	197	135	125	143	85	23	3	339	70	14	5	1	0	53	36	11	43	20	8	0	27	75	103	77	69	84	83	0	0	0	0	17	21	21	27	6	0	20	13
"PL17"	208	348	537	192	75	51	70	37	35	228	73	120	86	191	24	141	164	162	135	419	137	300	108	456	252	281	236	90	84	103	1101	506	792	937	1124	803	1328	2311	913	1303	848	814	428	636	501	426	490	499	496	535	676	524	407	593	351	340	686	29	463	0	57	44	33	37	18	37	25	255	159	32	158	97	77	62	43	68	41	97	437	64	85	135	99	131	18	53	18	40	46	17
"PL22"	174	150	216	141	212	179	78	57	163	158	77	106	329	297	365	216	186	195	372	263	183	183	107	204	176	242	187	278	123	124	655	212	432	101	119	47	563	338	254	347	509	291	76	99	119	141	62	38	74	67	121	131	117	141	166	72	167	6	55	11	138	277	339	156	189	109	171	197	242	137	146	222	129	171	225	148	59	130	188	72	106	201	104	146	404	343	276	269	254	53
"PL26"	199	504	414	33	92	125	48	165	59	153	239	152	81	145	234	131	191	147	133	258	107	74	157	117	135	434	80	78	219	126	955	262	688	438	484	321	412	454	564	416	479	421	248	615	368	526	618	537	283	433	352	467	533	396	573	305	450	11	572	81	228	572	253	315	329	98	320	630	607	210	229	461	182	314	311	120	147	115	194	433	329	271	379	466	323	435	255	316	237	188
"PL3"	197	269	239	89	144	148	125	550	132	233	318	334	176	299	234	101	252	200	276	317	177	127	127	58	177	428	121	151	245	56	2534	2114	2010	3654	2370	2509	1653	1668	2447	1725	1600	1859	541	2532	1647	2416	2804	3400	1391	1838	2077	1985	2191	2270	2063	1520	1789	251	2483	455	164	325	312	143	236	236	519	306	316	89	174	337	645	254	375	360	355	321	443	500	555	419	633	483	213	231	260	405	634	290
"PL4"	124	223	309	29	26	39	14	42	8	51	171	27	31	32	54	47	41	63	58	121	96	49	34	91	82	208	43	55	64	71	104	110	97	147	64	85	242	240	168	43	208	140	84	83	81	102	275	127	45	47	63	118	109	52	145	153	142	0	147	21	63	45	53	175	251	41	116	122	104	24	41	166	76	125	134	44	52	40	131	324	259	165	215	187	104	96	45	16	52	64
"PL5"	449	818	488	172	133	154	255	71	136	200	340	87	238	222	291	423	322	246	364	640	296	296	152	332	201	181	162	178	315	167	365	175	149	17	8	2	109	649	111	64	110	81	82	27	22	84	31	156	10	0	33	11	14	104	14	8	124	0	0	0	152	92	146	137	134	128	89	146	169	178	314	158	271	207	231	126	191	163	189	282	390	177	137	139	236	234	147	52	105	100
"PL6"	295	366	422	68	189	68	34	97	61	231	291	70	60	117	155	43	103	73	68	242	116	58	133	148	193	196	134	61	202	134	550	286	382	288	519	435	455	508	479	457	439	580	184	546	560	567	378	530	361	877	567	565	663	796	702	423	713	318	734	98	329	277	125	155	75	227	74	299	153	86	88	125	43	96	44	133	95	171	678	534	423	223	260	240	74	59	44	94	118	136
"PL7"	160	102	27	20	5	34	19	0	11	28	6	19	49	3	21	53	18	59	0	29	0	7	30	26	48	230	8	93	54	19	253	232	254	369	260	239	153	213	238	104	59	154	83	210	86	135	170	170	80	69	91	100	88	125	199	108	69	0	143	32	46	90	27	86	70	24	82	161	67	8	78	83	35	61	46	7	20	19	19	101	88	39	26	16	50	56	34	68	1	31
"PL8"	132	216	132	171	61	164	135	123	144	101	302	174	130	175	130	120	186	104	105	128	55	61	111	96	44	172	55	76	62	65	304	451	383	708	571	830	252	316	547	530	420	575	368	1450	1381	672	1004	1233	571	647	1014	1026	896	930	483	367	460	140	1423	443	151	229	158	228	239	180	82	343	143	57	66	148	295	501	415	111	178	187	84	111	67	100	126	130	45	81	42	233	253	180
"PL9"	1496	1885	1971	1409	2333	1216	933	761	887	807	1894	769	500	691	702	850	977	859	1845	1713	1753	748	929	1208	1639	1730	1109	490	684	668	1184	854	1103	843	806	983	793	992	852	884	1192	1195	622	1540	1240	1060	1060	926	1024	1292	1249	1409	934	1078	944	829	848	37	1317	342	879	1173	719	1583	1510	1203	708	1328	1208	625	629	1111	1231	1760	2351	1045	1134	1020	1366	1505	1815	1578	2185	1606	482	461	370	647	633	820
