ID	DE10_T2_relaxed_EZ_fam.count	DE11_T2_relaxed_EZ_fam.count	DE12_T2_relaxed_EZ_fam.count	DE13_T2_relaxed_EZ_fam.count	DE14_T2_relaxed_EZ_fam.count	DE15_T2_relaxed_EZ_fam.count	DE16_T2_relaxed_EZ_fam.count	DE17_T2_relaxed_EZ_fam.count	DE18_T2_relaxed_EZ_fam.count	DE19_T2_relaxed_EZ_fam.count	DE1_T2_relaxed_EZ_fam.count	DE20_T2_relaxed_EZ_fam.count	DE21_T2_relaxed_EZ_fam.count	DE22_T2_relaxed_EZ_fam.count	DE23_T2_relaxed_EZ_fam.count	DE24_T2_relaxed_EZ_fam.count	DE25_T2_relaxed_EZ_fam.count	DE26_T2_relaxed_EZ_fam.count	DE27_T2_relaxed_EZ_fam.count	DE28_T2_relaxed_EZ_fam.count	DE29_T2_relaxed_EZ_fam.count	DE2_T2_relaxed_EZ_fam.count	DE30_T2_relaxed_EZ_fam.count	DE3_T2_relaxed_EZ_fam.count	DE4_T2_relaxed_EZ_fam.count	DE5_T2_relaxed_EZ_fam.count	DE6_T2_relaxed_EZ_fam.count	DE7_T2_relaxed_EZ_fam.count	DE8_T2_relaxed_EZ_fam.count	DE9_T2_relaxed_EZ_fam.count	ES10_T2_relaxed_EZ_fam.count	ES11_T2_relaxed_EZ_fam.count	ES12_T2_relaxed_EZ_fam.count	ES13_T2_relaxed_EZ_fam.count	ES14_T2_relaxed_EZ_fam.count	ES15_T2_relaxed_EZ_fam.count	ES16_T2_relaxed_EZ_fam.count	ES17_T2_relaxed_EZ_fam.count	ES18_T2_relaxed_EZ_fam.count	ES19_T2_relaxed_EZ_fam.count	ES1_T2_relaxed_EZ_fam.count	ES20_T2_relaxed_EZ_fam.count	ES21_T2_relaxed_EZ_fam.count	ES22_T2_relaxed_EZ_fam.count	ES23_T2_relaxed_EZ_fam.count	ES24_T2_relaxed_EZ_fam.count	ES25_T2_relaxed_EZ_fam.count	ES26_T2_relaxed_EZ_fam.count	ES27_T2_relaxed_EZ_fam.count	ES28_T2_relaxed_EZ_fam.count	ES29_T2_relaxed_EZ_fam.count	ES2_T2_relaxed_EZ_fam.count	ES30_T2_relaxed_EZ_fam.count	ES3_T2_relaxed_EZ_fam.count	ES4_T2_relaxed_EZ_fam.count	ES5_T2_relaxed_EZ_fam.count	ES6_T2_relaxed_EZ_fam.count	ES7_T2_relaxed_EZ_fam.count	ES8_T2_relaxed_EZ_fam.count	ES9_T2_relaxed_EZ_fam.count	SE10_T2_relaxed_EZ_fam.count	SE11_T2_relaxed_EZ_fam.count	SE12_T2_relaxed_EZ_fam.count	SE13_T2_relaxed_EZ_fam.count	SE14_T2_relaxed_EZ_fam.count	SE15_T2_relaxed_EZ_fam.count	SE16_T2_relaxed_EZ_fam.count	SE17_T2_relaxed_EZ_fam.count	SE18_T2_relaxed_EZ_fam.count	SE19_T2_relaxed_EZ_fam.count	SE1_T2_relaxed_EZ_fam.count	SE20_T2_relaxed_EZ_fam.count	SE21_T2_relaxed_EZ_fam.count	SE22_T2_relaxed_EZ_fam.count	SE23_T2_relaxed_EZ_fam.count	SE24_T2_relaxed_EZ_fam.count	SE25_T2_relaxed_EZ_fam.count	SE26_T2_relaxed_EZ_fam.count	SE27_T2_relaxed_EZ_fam.count	SE28_T2_relaxed_EZ_fam.count	SE29_T2_relaxed_EZ_fam.count	SE2_T2_relaxed_EZ_fam.count	SE30_T2_relaxed_EZ_fam.count	SE3_T2_relaxed_EZ_fam.count	SE4_T2_relaxed_EZ_fam.count	SE5_T2_relaxed_EZ_fam.count	SE6_T2_relaxed_EZ_fam.count	SE7_T2_relaxed_EZ_fam.count	SE8_T2_relaxed_EZ_fam.count	SE9_T2_relaxed_EZ_fam.count
GH29	877	833	558	1234	1419	1326	809	781	896	998	788	963	819	926	967	792	1355	1367	1255	1062	940	831	1118	998	808	833	755	549	754	574	1594	1414	1443	609	1119	695	827	790	997	847	2136	724	1021	954	687	946	924	662	962	23	820	1247	137	2524	1210	981	1107	3928	1878	4884	1435	1515	1679	731	699	836	733	776	680	1082	1108	1120	1023	1198	1103	922	1585	1977	1652	1221	1211	869	549	1111	885	747	712	1596	1436	1738
PL4	51	171	27	31	32	54	47	41	63	58	124	121	96	49	34	91	82	208	43	55	64	223	71	309	29	26	39	14	42	8	43	208	140	84	83	81	102	275	127	45	104	47	63	118	109	52	145	153	142	0	147	110	21	97	147	64	85	242	240	168	24	41	166	76	125	134	44	52	40	131	63	324	259	165	215	187	104	96	45	16	52	45	64	53	175	251	41	116	122	104
GH23	23624	31450	26383	18402	32516	23579	22860	30041	25846	33252	24094	43724	29909	23633	23559	26662	30145	43636	27883	19330	22458	29307	20518	30707	23492	26103	26908	20347	29545	21577	77527	60849	76683	35710	77280	62508	62269	85043	102721	55523	54656	71246	67447	64910	59773	61445	60678	39855	65848	915	93821	61597	11393	63667	59092	60213	53230	70238	68582	91974	31679	29026	34892	29624	36079	30272	28428	31502	31579	39754	28154	41957	45481	49126	53060	56717	27016	23665	20407	28900	38192	21143	29795	24439	27234	28738	20902	29826	35848	34732
CE6	147	168	148	144	513	259	236	235	262	521	422	516	231	190	201	210	347	378	243	400	360	332	373	513	112	259	230	233	168	298	123	80	27	67	143	75	132	29	50	84	116	75	102	68	49	25	57	46	79	0	39	85	35	80	98	116	113	62	125	45	318	195	334	619	668	646	592	352	403	204	322	317	347	513	407	527	180	165	157	302	651	147	345	227	379	561	266	287	256	309
GH114	24	24	15	26	34	63	21	18	66	28	16	16	16	24	30	17	62	12	41	15	61	34	16	35	20	34	32	14	21	5	49	63	32	7	33	65	39	51	48	53	47	36	54	42	44	21	17	24	15	7	66	10	4	32	23	54	43	42	29	94	41	155	109	69	49	55	41	9	18	65	21	131	35	115	81	107	38	75	53	130	77	41	17	54	39	18	16	38	194	135
GH72	40	19	25	41	43	38	23	61	19	62	48	34	64	48	68	34	70	73	32	13	15	57	71	64	31	47	17	48	21	79	46	52	29	24	27	42	28	40	80	21	44	25	61	26	27	40	24	23	58	0	60	15	10	30	24	30	45	70	38	59	85	18	19	14	29	24	11	30	21	47	19	71	63	37	64	54	37	58	42	23	31	57	22	36	62	39	34	36	3	73
GH78	140	144	162	106	196	187	256	98	139	180	180	274	117	135	160	204	131	92	205	126	191	276	162	193	180	114	164	100	135	132	324	257	257	103	292	230	298	175	257	217	261	290	199	249	292	214	184	147	213	0	172	244	42	271	298	251	390	189	263	178	181	193	160	181	148	299	136	132	113	183	154	172	144	147	282	232	154	246	164	135	150	162	104	119	117	146	76	186	182	222
GH5	1038	773	1030	1067	1226	1002	1001	917	960	1248	1014	1356	1275	1182	1245	1335	862	1010	796	964	1067	953	1097	1326	736	847	1029	738	877	1030	1470	1356	1401	607	1153	842	955	840	689	700	2057	1054	1141	889	631	1020	860	723	979	87	816	1125	242	1587	1023	866	646	1544	1472	1683	910	1175	1158	847	833	910	867	900	684	1079	986	1255	956	1023	1081	1185	1311	1494	1260	1066	1119	761	674	893	1006	908	720	1089	1457	1376
PL26	153	239	152	81	145	234	131	191	147	133	199	258	107	74	157	117	135	434	80	78	219	504	126	414	33	92	125	48	165	59	416	479	421	248	615	368	526	618	537	283	955	433	352	467	533	396	573	305	450	11	572	262	81	688	438	484	321	412	454	564	210	229	461	182	314	311	120	147	115	194	228	433	329	271	379	466	323	435	255	316	237	572	188	253	315	329	98	320	630	607
AA3	136	151	112	124	188	153	172	105	193	174	140	76	159	152	144	199	145	147	166	209	216	161	154	203	175	104	107	110	167	120	184	181	163	86	116	108	141	72	137	188	157	130	118	152	78	129	116	150	115	0	118	139	3	243	138	146	152	204	240	224	168	228	197	125	145	138	126	137	19	249	104	381	208	145	196	230	176	167	192	165	112	101	136	131	123	162	139	204	221	193
CE13	0	8	0	0	0	0	0	0	0	0	7	0	0	0	0	0	0	0	0	0	0	0	0	0	0	0	0	6	0	0	23	0	0	0	0	0	0	0	5	0	0	0	0	0	0	0	7	0	0	0	0	0	0	0	5	0	0	50	0	0	0	0	0	0	0	0	0	7	0	0	0	0	0	1	0	0	0	3	0	0	0	8	1	0	0	0	11	0	0	0
CBM46	314	348	388	121	170	171	147	131	160	288	244	620	325	142	190	237	119	163	82	46	165	334	89	207	314	345	356	252	233	199	956	750	951	1673	2453	2461	1290	2150	2363	1150	632	1796	1513	1372	1367	1577	1373	925	1286	46	1923	688	319	564	856	949	792	769	514	1200	55	116	274	204	361	267	333	345	258	161	327	299	143	199	316	121	110	163	114	220	232	367	329	154	317	260	245	116	188	180
CBM36	5	0	10	0	0	0	11	15	0	0	4	0	0	0	8	0	0	6	0	15	0	18	3	16	0	0	8	4	0	0	0	31	16	86	88	60	33	37	89	29	5	32	58	38	60	44	22	17	48	0	42	22	27	9	4	7	13	12	16	8	0	9	0	0	0	13	4	0	0	5	7	0	0	6	5	0	1	15	6	17	0	1	10	0	35	8	8	9	5	0
GT37	0	0	0	0	0	0	0	0	0	3	0	14	4	0	0	0	8	0	0	0	0	0	0	8	0	0	0	0	0	0	7	0	0	0	7	0	0	13	10	18	0	0	0	0	0	0	1	0	0	0	3	0	0	0	0	0	0	80	0	0	0	0	0	0	0	0	0	0	0	0	0	0	0	0	4	0	0	0	0	6	0	0	0	0	7	9	0	0	0	0
GH33	135	235	168	157	327	191	193	152	266	147	111	332	196	253	228	213	251	251	106	88	148	165	186	264	157	167	114	152	149	101	182	240	192	267	343	299	278	334	324	160	154	367	344	309	317	281	233	127	380	0	214	215	98	264	271	239	202	133	229	219	163	170	251	165	222	132	196	168	237	233	155	358	344	246	214	213	161	220	151	242	181	179	187	134	194	161	184	176	191	177
CBM55	0	8	0	15	16	20	27	17	0	7	11	0	5	2	0	7	0	16	28	12	0	35	0	0	0	0	0	15	6	0	0	0	9	0	12	22	3	7	20	11	14	4	29	0	9	0	1	0	10	0	0	0	0	0	8	1	12	12	0	0	27	9	27	9	0	15	2	0	0	0	9	15	15	2	14	3	0	0	10	10	14	32	0	18	3	10	5	0	0	13
GH123	6	0	0	11	0	9	0	6	1	0	3	0	11	21	0	16	9	10	20	0	8	12	0	11	23	0	53	8	0	1	26	18	30	6	38	0	42	34	45	16	88	30	25	34	31	19	55	29	37	0	60	20	3	19	25	39	32	21	4	8	16	0	0	6	31	0	20	13	0	34	21	50	20	10	71	7	0	6	0	6	24	16	2	6	30	30	4	14	33	33
GH14	0	0	0	0	0	0	0	0	0	8	0	0	0	4	0	0	0	7	0	0	0	0	0	0	0	0	0	0	0	0	32	26	25	5	39	0	24	60	42	27	8	2	16	36	20	8	42	25	28	0	13	7	0	14	26	36	25	44	50	0	0	0	0	0	0	0	6	0	0	0	0	0	0	0	0	0	0	0	0	12	0	0	0	0	0	10	0	0	0	0
CE3	135	209	122	145	257	275	214	281	245	367	367	374	263	179	253	270	190	227	184	81	173	1010	137	589	340	250	245	188	178	221	241	228	458	190	812	141	383	755	608	305	477	493	571	502	409	770	559	334	474	0	741	211	34	390	432	490	495	112	228	530	153	177	398	444	555	404	237	363	386	454	255	415	506	411	462	277	153	192	111	157	129	272	382	262	319	409	242	291	150	241
CBM13	17658	19049	18977	13553	17492	13806	12706	13551	12978	17717	12341	22079	16035	12358	13925	13032	10431	14344	7714	8438	13972	19924	11044	18194	17415	24417	20752	12961	18241	13726	39024	36291	48313	34911	64814	57715	46689	54499	68463	34988	50343	51529	50859	46095	45441	46959	38850	32010	42422	1405	54823	32877	13353	40150	37409	33797	32036	38611	31960	56892	9339	15726	21699	19836	27125	24134	19200	16901	15063	16495	20251	19464	19183	15936	21883	17395	16074	17998	14430	27324	27823	25709	27594	17711	21988	19837	19811	14991	21668	20925
PL10	1963	2055	1584	1646	2677	1955	1313	1567	1773	2961	1364	4656	3627	1990	1999	2097	1330	1812	1163	1408	3179	1806	1671	3516	1589	1519	1453	1789	2075	2042	3990	4096	3365	1933	1875	1762	1686	1415	1464	1926	2043	2206	2307	1843	1774	1660	2035	1665	3627	75	1484	5165	293	3867	3159	2672	2691	3778	5672	4594	879	595	986	2795	2228	2212	1832	1584	1886	4246	1794	2225	3437	2458	1980	4509	980	697	665	1156	1843	1549	1258	1754	2248	2271	1746	1093	930	911
GT48	1	0	12	16	0	0	0	0	0	0	19	6	0	6	0	0	10	6	11	12	0	21	0	35	0	0	10	1	9	4	0	8	6	0	25	0	7	14	0	0	0	0	6	0	6	7	5	0	10	0	20	0	0	3	6	2	0	0	0	0	0	0	0	25	7	14	7	31	0	21	14	3	6	0	12	0	30	9	8	8	9	2	31	0	0	6	11	20	0	6
PL6	231	291	70	60	117	155	43	103	73	68	295	242	116	58	133	148	193	196	134	61	202	366	134	422	68	189	68	34	97	61	457	439	580	184	546	560	567	378	530	361	550	877	567	565	663	796	702	423	713	318	734	286	98	382	288	519	435	455	508	479	86	88	125	43	96	44	133	95	171	678	329	534	423	223	260	240	74	59	44	94	118	277	136	125	155	75	227	74	299	153
GT83	1216	890	808	1665	2265	1962	1497	1372	1737	934	1528	1161	1069	1912	1417	2990	2005	1837	1751	2503	2041	1653	2499	2156	722	580	563	1189	1192	879	1563	2427	1650	370	606	703	550	464	388	309	2334	424	609	558	444	503	422	382	602	0	315	1198	35	1916	968	640	687	2340	2635	1425	2662	2899	3370	1585	1604	1391	1092	1256	1131	2560	1620	2346	2524	2923	2258	2285	2388	2539	2097	1798	1536	1165	711	1615	1734	1648	1287	2743	3003	3287
GH126	0	0	0	0	0	0	0	0	0	0	0	0	0	0	0	0	0	0	0	0	0	0	0	0	0	0	0	0	0	0	0	0	0	0	0	0	0	0	0	0	0	0	0	0	0	0	0	0	0	0	0	0	0	0	0	0	0	0	0	0	0	0	0	0	0	0	0	0	0	0	0	0	0	0	0	0	3	0	0	0	0	0	0	0	0	0	0	0	0	0
CBM17	0	0	0	0	0	0	0	0	0	0	0	0	0	0	0	0	0	0	0	0	0	0	0	0	0	0	0	0	0	0	0	0	0	0	0	1	0	0	0	0	0	0	0	0	0	0	0	0	0	0	0	0	0	0	0	0	0	0	0	0	0	0	0	0	0	0	0	0	0	0	0	0	0	0	0	0	0	0	0	0	0	0	0	0	0	0	0	0	0	0
GH75	0	10	0	0	11	0	8	0	8	0	0	0	0	0	0	0	0	60	17	1	23	6	29	18	0	0	0	0	0	0	12	3	19	0	7	0	0	11	0	0	36	0	0	0	2	0	0	0	0	0	0	4	0	37	0	11	8	1	0	12	4	48	12	0	11	6	0	5	0	0	0	19	6	9	4	0	26	4	4	17	16	24	0	20	20	15	5	4	50	27
GH9	296	249	217	150	217	132	208	256	330	421	341	382	294	286	302	309	413	397	333	353	350	343	419	468	287	303	327	282	454	240	586	578	544	279	445	333	334	520	353	345	539	414	491	425	445	369	612	289	463	23	390	430	16	578	490	364	365	891	592	453	263	253	307	221	286	313	286	298	308	340	227	447	356	306	414	417	215	284	323	325	323	196	324	303	232	162	227	351	403	413
CBM6	1708	1818	1509	1440	1438	1360	1540	1748	1510	2113	1761	2862	1944	1445	1629	1853	1510	1617	1090	1193	1394	1960	1370	2034	2051	2057	2622	1392	1863	1889	5160	4389	5177	4509	6406	7121	4328	5623	6032	4139	3825	4998	4563	4592	4600	4360	4132	3218	4289	147	5905	3540	974	4149	3981	3715	3256	5199	3325	7285	692	1004	1256	1651	2246	2173	1880	1666	1792	1680	1576	1608	1984	1984	2062	1742	1420	1319	1144	1645	1571	1713	2054	1426	1722	1358	1538	1111	1350	1608
GT71	0	0	0	0	0	0	0	0	0	0	0	0	0	0	0	0	0	0	0	0	0	0	0	0	0	0	0	0	0	0	0	0	0	0	0	0	0	0	0	5	0	0	0	0	0	0	0	0	0	0	0	7	0	0	0	0	0	0	0	0	0	0	0	0	0	0	0	0	0	0	0	0	0	0	0	0	0	0	0	0	0	0	0	0	0	0	0	0	0	0
GH46	5	0	0	0	13	7	4	3	7	0	5	9	6	0	0	0	39	0	7	8	49	0	23	0	0	7	0	6	10	0	55	69	120	0	51	13	18	9	37	0	178	18	8	42	0	0	0	0	26	0	11	47	0	86	23	18	6	138	22	129	4	101	88	0	47	4	0	0	0	8	10	20	10	25	21	6	42	52	33	217	26	134	8	68	52	22	43	5	58	65
GT61	20	19	0	0	0	0	0	0	0	7	19	5	0	13	0	8	11	6	0	6	0	8	0	14	9	18	0	0	8	0	6	0	8	25	0	0	0	4	6	10	0	0	0	8	4	0	9	0	63	124	1	0	0	0	0	0	3	1566	8	0	0	0	3	12	9	0	11	0	7	23	16	15	0	1	53	0	2	14	22	25	0	17	13	0	20	0	1	0	0	0
GT3	16	0	0	0	0	0	32	9	0	0	25	11	15	0	12	0	0	0	0	8	4	12	4	0	5	1	14	8	5	6	5	5	16	8	0	27	12	18	0	7	12	24	27	5	26	5	17	6	15	0	0	18	0	11	7	26	6	10	24	8	10	0	6	8	0	10	22	0	0	13	22	5	13	7	8	0	8	0	0	15	9	0	6	6	3	0	21	0	7	4
CBM61	216	295	219	233	209	249	205	233	170	192	168	256	248	131	114	331	146	337	60	116	83	162	85	262	119	365	204	146	190	113	565	410	453	580	701	771	444	619	558	291	520	477	490	449	490	351	533	298	508	60	590	473	62	427	430	507	404	360	356	697	272	223	306	285	257	299	171	196	151	331	301	176	275	279	341	239	176	166	143	350	266	258	328	293	281	277	226	226	454	323
GH108	0	0	0	0	0	0	0	0	0	0	0	0	0	0	0	0	0	0	0	0	0	0	0	0	0	1	0	0	0	0	0	0	0	0	0	10	0	4	0	0	0	0	6	0	0	0	0	0	0	0	11	0	0	9	0	0	0	0	4	0	7	0	0	0	10	5	0	4	9	0	0	0	0	5	9	0	0	0	0	0	7	0	0	0	0	0	0	0	12	0
PL3	233	318	334	176	299	234	101	252	200	276	197	317	177	127	127	58	177	428	121	151	245	269	56	239	89	144	148	125	550	132	1725	1600	1859	541	2532	1647	2416	2804	3400	1391	2534	1838	2077	1985	2191	2270	2063	1520	1789	251	2483	2114	455	2010	3654	2370	2509	1653	1668	2447	89	174	337	645	254	375	360	355	321	443	164	500	555	419	633	483	213	231	260	405	634	325	290	312	143	236	236	519	306	316
GT56	0	0	0	9	0	7	0	0	8	0	0	0	0	0	0	0	4	0	0	0	0	2	1	0	0	0	0	0	0	0	0	0	0	0	0	0	0	0	3	13	0	0	0	0	0	9	8	0	0	0	0	0	0	9	0	0	0	0	3	0	0	0	0	0	0	5	0	0	0	0	0	6	0	0	0	1	0	0	0	0	0	0	21	0	0	0	0	0	0	0
GH45	0	0	0	0	0	0	0	0	0	0	0	0	19	0	0	0	0	0	0	0	0	0	0	0	0	0	0	0	0	0	12	0	0	0	0	6	0	0	0	0	10	0	0	0	0	0	0	0	0	0	0	0	0	0	0	0	0	0	0	0	0	0	0	0	0	6	9	0	0	0	0	0	0	6	0	0	0	0	0	0	0	0	8	0	0	0	0	0	0	0
PL11	8154	7128	8123	3846	4306	3820	5449	5236	5035	7647	5344	8645	7925	6344	6249	6362	4517	5347	3512	1590	2279	7501	1929	7229	6761	7452	7291	5433	6561	6026	11906	13544	10483	5567	11974	9005	9891	10251	10490	7786	11776	10479	11314	10311	8451	11041	11211	7546	11100	377	8864	9135	1141	11024	9991	11091	9353	9673	10540	11536	2258	1976	3010	5831	6950	8355	7242	5746	6366	4103	5343	3943	4766	3780	5244	4150	1902	1714	1190	3199	4063	4005	6670	3962	5252	5629	5464	2685	2824	3503
GT34	0	0	0	0	0	0	0	0	0	0	0	0	14	0	0	0	0	0	0	0	0	7	0	0	0	0	0	0	0	0	0	0	0	0	0	0	0	0	0	0	0	0	0	0	0	0	0	0	0	0	0	0	0	0	0	0	0	45	0	0	0	0	0	0	0	0	0	0	0	0	0	0	0	0	12	0	0	2	0	5	0	0	0	0	4	0	0	12	0	0
CBM66	781	890	951	782	690	650	541	498	496	663	534	570	734	639	491	549	364	489	317	322	297	580	319	671	748	818	915	586	747	600	1521	1824	1966	1665	2383	2261	1684	2031	2251	1177	1560	1998	1880	1477	1769	1764	1441	1549	1752	56	2038	1143	440	1408	1516	1307	1195	1430	1231	2351	217	267	339	677	695	766	721	493	579	436	665	555	500	485	456	341	250	238	221	1435	1112	479	1133	537	611	553	771	529	188	341
CBM48	7359	8609	8522	6377	8958	7441	6929	8516	8587	10813	7295	11419	9731	8613	7197	8518	9240	11010	8029	6156	5855	7692	6152	9153	10939	12575	12700	6417	8127	7551	19589	17370	21161	11032	17234	18312	13631	19279	22038	13688	16877	15635	15850	14418	14130	12683	13470	9321	13791	170	18285	15208	2288	15795	14865	14763	13496	17812	15204	21197	8349	6881	9204	8966	11170	10002	8725	9260	10015	8586	8818	8241	9663	10308	9681	9796	7796	7352	6220	7328	10655	6827	9942	7415	8068	8552	6786	8136	9115	9025
CBM27	8	0	22	1	0	0	0	0	10	2	4	23	0	0	0	10	0	0	0	0	4	4	12	0	0	8	0	0	0	0	0	0	0	11	14	0	7	0	1	0	16	0	2	1	0	4	0	0	0	0	0	0	0	0	0	3	0	12	0	0	11	0	0	3	12	0	0	0	0	0	0	5	1	0	0	0	6	0	0	10	10	8	0	6	0	0	10	0	8	15
PL14	11	67	24	29	12	9	43	44	29	53	37	50	31	16	9	18	22	25	9	3	0	18	0	33	8	55	58	40	48	9	31	24	29	63	95	156	49	29	57	39	27	106	53	197	135	125	143	85	23	3	339	20	70	40	57	63	64	12	61	14	8	0	27	75	103	77	69	84	83	0	14	0	0	0	17	21	21	27	6	0	20	5	13	1	0	53	36	11	43	20
GH19	137	128	78	143	106	194	54	106	84	91	68	260	59	110	101	88	189	238	39	143	220	216	159	111	47	115	105	104	98	99	293	328	465	272	590	483	373	713	492	356	496	482	544	410	506	518	459	331	546	41	716	538	158	372	472	455	440	227	370	502	188	122	205	312	518	255	223	219	100	176	183	151	145	243	304	134	163	92	120	263	172	191	191	160	161	80	143	212	117	262
CBM38	416	421	363	218	255	234	247	262	260	448	273	596	449	326	264	291	296	275	213	201	252	336	173	279	379	285	235	318	518	356	679	670	658	348	565	602	573	448	714	457	441	669	1040	413	381	537	576	461	588	0	600	532	35	759	482	487	426	613	807	761	195	248	271	235	426	281	389	377	410	193	330	268	326	342	344	280	205	214	172	256	250	201	368	255	389	332	345	181	201	200
GH76	15	17	30	57	99	20	13	39	61	45	11	50	40	5	0	11	41	31	8	6	24	48	7	21	18	58	36	7	18	21	108	149	111	134	405	516	266	445	406	174	197	256	291	323	297	374	244	124	151	0	211	144	14	41	188	212	108	166	100	220	44	19	27	15	43	11	25	13	16	25	17	56	48	29	14	32	22	12	43	89	32	44	23	30	59	26	11	9	0	36
GT4	1138	872	1272	1050	1402	1054	1597	1337	1712	1532	1353	1621	1422	1600	1460	1440	1619	1695	1239	1082	1244	1193	1258	1463	943	1019	1064	1184	1189	1085	1849	1818	1798	1238	1871	1815	1760	2170	2196	1560	1851	1841	1883	1906	1612	1746	1625	1204	1782	21	1708	1739	335	1715	1588	1467	1677	1749	1514	1993	1360	1336	1386	1130	1452	1235	1267	1453	973	1783	1135	2021	1855	1457	1366	1432	1206	1377	1271	934	1152	1144	1103	1105	1007	1393	1130	1193	1253	1467
GH24	11	0	0	0	9	16	7	6	3	37	26	49	12	30	0	55	7	0	0	35	21	21	24	18	0	0	0	6	0	0	7	9	0	0	17	0	11	5	0	4	12	0	0	7	20	6	0	0	27	0	7	17	0	14	8	0	18	40	21	7	4	11	25	0	0	23	6	23	24	31	32	18	10	9	28	415	0	6	13	14	28	20	4	21	20	30	9	11	33	9
GT87	407	555	624	381	412	437	295	361	380	468	284	395	391	159	88	246	76	296	131	205	223	357	229	346	248	286	189	258	340	323	476	446	549	468	1129	719	523	940	757	454	394	628	607	553	671	638	618	355	537	70	1064	323	104	357	512	675	420	498	306	411	291	323	467	528	654	578	219	200	211	429	484	599	533	844	716	711	453	650	432	371	483	418	177	460	456	557	321	417	526	495
GH143	71	34	56	15	21	10	9	8	12	33	7	40	61	30	9	22	5	19	22	0	8	23	6	20	6	28	18	73	59	32	16	15	0	0	0	0	1	11	30	0	0	0	10	0	0	0	0	7	19	0	10	6	0	34	21	21	4	0	3	24	0	6	9	28	10	49	25	17	17	6	16	12	11	10	11	26	4	19	0	0	8	10	7	17	5	14	37	13	0	6
GH36	64	36	44	121	188	165	46	68	47	106	75	76	53	44	100	29	77	57	75	152	138	64	105	86	61	394	25	25	66	101	90	88	113	67	88	70	65	104	97	79	73	77	32	49	93	45	59	33	80	0	106	94	7	144	94	135	38	41	131	82	174	315	265	72	98	66	23	61	52	85	172	101	64	116	92	130	351	405	442	448	404	177	75	79	98	93	48	99	227	322
GH57	507	555	700	467	541	325	556	480	352	609	353	309	351	661	598	540	622	486	443	270	317	314	340	315	337	359	559	361	702	415	192	137	271	267	312	355	147	394	160	371	172	421	429	230	274	212	327	203	282	0	323	183	38	157	316	247	336	182	217	100	398	256	282	249	267	191	335	286	259	391	330	352	428	377	360	284	201	172	201	564	1266	161	624	189	250	121	246	290	222	261
AA8	0	0	8	6	21	0	0	0	0	0	0	0	0	0	0	0	0	0	0	3	0	0	0	0	0	0	0	0	0	0	0	0	0	0	15	0	0	0	2	3	0	0	0	0	0	0	0	0	0	0	0	0	0	0	0	0	1	0	0	0	0	0	0	0	8	14	0	0	0	0	5	19	6	0	6	0	0	0	0	0	0	0	4	3	4	0	0	8	0	15
GH66	0	0	0	0	0	0	0	0	0	0	0	6	0	0	0	9	10	0	0	0	0	6	0	0	0	0	0	0	0	0	10	0	0	0	0	0	0	0	0	0	0	0	0	0	0	0	0	0	0	0	0	0	0	0	0	0	0	0	0	0	0	0	0	0	0	0	0	0	0	0	0	0	0	0	0	0	0	0	0	0	8	0	0	0	0	0	0	0	0	0
GH48	37	14	7	0	5	26	9	8	8	5	9	13	25	15	15	0	7	0	0	7	0	0	0	18	12	7	1	11	7	10	20	5	35	32	31	4	11	35	18	1	17	8	0	7	17	11	7	0	0	0	26	17	2	21	6	29	28	21	20	8	0	10	0	18	13	16	0	0	24	34	0	8	22	3	36	11	28	7	32	7	20	1	11	21	5	6	6	9	9	9
GT53	569	837	838	1000	1172	1169	1036	1135	1236	983	806	1019	869	1029	715	881	391	639	403	414	538	801	277	1022	562	482	604	459	895	523	658	414	835	265	794	536	488	698	648	426	546	339	553	398	482	407	516	340	757	37	379	454	103	628	515	453	515	218	494	532	1039	1036	1249	1267	1397	1116	673	597	505	1396	502	1292	1613	1676	1253	1644	617	522	372	495	507	623	334	646	945	816	545	943	1228	1009
GT31	18	6	8	0	11	0	0	0	0	3	5	13	0	12	30	0	57	6	5	0	3	0	9	49	7	18	0	12	35	0	16	0	0	71	14	0	13	12	8	0	0	3	15	20	8	15	24	0	24	0	11	0	8	4	0	3	3	653	12	0	0	5	16	26	13	18	9	21	0	38	0	21	0	5	25	0	17	33	0	16	8	43	33	1	0	0	17	0	0	0
GH105	115	93	108	76	191	128	103	104	105	129	116	268	94	135	91	179	115	120	79	97	144	106	77	138	106	116	76	34	77	101	164	210	156	48	47	59	89	80	53	85	257	86	104	46	76	42	40	73	62	0	70	92	9	152	64	106	94	145	165	163	87	137	149	95	73	96	142	129	110	63	58	100	105	152	80	100	148	222	154	162	189	190	97	131	134	96	81	80	54	197
GH11	79	98	42	60	47	71	40	75	20	137	87	107	111	59	57	22	49	83	44	55	78	79	90	36	47	55	112	31	80	52	228	312	235	234	477	315	410	488	460	126	475	277	228	378	207	308	319	270	384	25	416	231	84	287	276	242	378	202	206	247	79	68	181	92	192	201	101	110	114	114	121	139	134	105	150	117	82	68	40	59	96	74	82	59	112	121	96	58	191	83
GT102	0	0	0	0	0	0	0	0	0	0	0	0	0	0	0	0	0	0	0	0	0	0	0	0	0	0	0	0	0	0	0	0	0	0	0	0	0	0	0	0	0	0	0	0	0	0	0	0	0	0	0	0	0	0	0	0	0	0	2	0	0	0	0	0	0	0	0	0	0	0	0	0	0	0	0	0	0	0	0	0	0	0	0	0	0	0	0	0	0	0
CBM2	19028	21390	21244	13182	18934	15450	13210	15612	14257	22771	15493	29135	19110	14945	13960	17565	14210	19661	10549	8619	12517	24946	10928	21418	19244	20372	22438	14656	18526	15837	60849	56221	66895	42907	83554	77405	58848	68964	81167	45026	59023	66297	62749	58127	57360	60901	50432	40892	53675	2894	73188	45008	17946	52521	45845	43323	39167	58838	41824	85729	8860	11627	16358	22441	27214	24806	19681	16273	16319	18381	19128	19507	21517	17660	21082	16513	13569	14622	12195	26270	30417	20206	26595	16783	19747	18489	18248	13324	15871	16417
GT43	0	0	0	0	0	0	0	0	0	0	0	0	0	0	0	0	0	0	0	0	0	0	0	0	0	0	0	0	0	0	0	0	0	0	0	0	0	0	0	0	0	0	0	0	0	0	0	0	0	0	0	0	0	0	0	0	0	87	0	0	0	0	0	0	4	0	0	0	0	0	0	0	0	0	0	0	0	0	0	0	0	0	0	0	0	0	0	0	0	0
GH99	6	24	21	8	29	18	3	16	21	28	30	0	27	42	47	4	21	24	15	9	11	26	5	0	0	17	29	0	25	26	10	0	19	7	26	22	22	37	44	6	9	0	14	26	0	13	32	14	27	0	41	26	0	29	21	22	33	12	23	27	11	18	14	0	33	41	14	0	13	11	22	24	20	22	0	21	14	27	47	21	11	11	0	2	0	34	23	19	13	32
GH109	26	56	18	13	47	26	9	72	33	54	14	42	57	27	105	78	32	36	63	40	27	38	32	24	50	53	76	25	31	42	44	33	52	22	135	150	167	78	97	87	35	159	102	68	116	142	80	43	86	0	75	45	0	36	49	28	31	15	55	73	20	13	17	44	25	68	40	39	36	29	60	73	2	21	9	13	48	34	18	33	39	23	19	18	41	65	15	43	12	7
GH38	41	11	50	80	72	72	87	71	55	57	59	70	30	59	38	72	84	79	59	59	22	27	26	52	62	53	24	28	79	31	110	36	88	23	49	84	78	53	72	7	102	103	69	48	51	21	41	26	41	6	103	57	0	159	52	19	42	170	69	75	48	56	60	25	48	38	41	39	43	29	35	36	32	50	24	47	61	48	84	78	31	31	30	38	43	37	28	21	68	31
GH2	1362	1408	1286	1263	1870	1488	1491	1265	1370	2401	1444	2914	2521	1446	1671	1564	1241	1435	1055	1052	968	1617	1092	1620	1497	1874	1785	1219	1318	1923	2223	2731	2333	867	1813	1645	1350	1314	1604	1281	2527	1476	1491	1548	1466	1557	1352	1038	1710	47	1121	1466	205	2428	1573	1317	1208	2495	1955	2336	1108	1176	1608	1485	1568	3110	2003	1827	1567	1223	1430	1341	1649	1224	1708	1468	1586	1593	1372	1575	2027	1672	1667	1404	1209	1253	1430	1228	1472	1638
GT28	200	168	60	276	391	298	238	186	187	112	278	292	276	118	257	244	244	264	84	174	263	251	243	238	154	176	115	104	118	81	224	399	361	111	85	152	179	218	111	66	382	114	166	135	112	86	114	106	226	13	63	232	29	303	343	206	121	229	360	183	313	521	387	143	298	228	185	146	121	389	269	299	472	431	436	606	208	321	196	252	193	164	149	225	209	348	166	309	308	411
AA9	9	25	12	15	9	4	0	0	3	18	23	0	5	0	0	0	2	0	34	54	9	20	8	9	0	19	15	0	21	9	29	76	37	10	40	119	42	53	48	43	68	25	10	40	27	10	72	87	59	0	43	38	0	51	76	55	44	35	120	10	31	40	22	45	103	39	22	58	4	111	47	58	77	29	35	75	76	51	31	62	48	36	10	52	11	56	40	42	11	91
CBM10	64	47	62	29	51	37	88	23	47	29	33	44	52	78	42	26	65	48	29	14	11	18	47	66	52	36	80	84	70	57	118	121	42	3	62	43	58	61	58	87	43	113	82	108	110	52	83	72	19	0	65	110	10	62	52	90	54	72	38	68	59	51	23	58	34	71	51	143	44	9	51	9	49	61	47	60	6	41	36	39	75	60	51	42	73	30	51	11	51	9
GH42	0	29	46	54	28	32	41	31	39	48	12	78	24	33	51	19	54	41	54	43	60	8	71	60	10	18	7	25	10	27	38	54	76	13	55	34	25	18	56	26	20	42	62	58	14	46	47	16	14	0	32	9	0	26	55	44	66	65	55	62	57	51	19	0	33	65	30	33	30	26	32	70	23	39	56	7	44	55	49	19	56	30	29	11	11	19	38	58	54	47
GT58	0	0	0	0	0	0	0	0	0	0	0	0	0	0	0	0	0	0	0	0	0	0	0	0	0	0	0	0	0	0	0	0	0	0	0	0	0	0	0	0	3	0	0	0	0	0	0	0	0	0	0	0	0	0	0	0	0	0	0	0	0	0	0	0	0	0	0	0	0	0	0	0	0	0	0	0	0	0	0	0	0	0	0	0	0	0	0	0	0	0
CBM43	21	11	0	27	0	12	0	9	0	42	19	8	25	9	10	42	59	29	13	33	0	39	0	58	19	22	27	9	0	0	10	14	12	9	17	0	39	36	22	14	3	38	13	9	53	3	14	10	34	0	20	0	5	9	10	29	0	879	18	0	0	3	13	1	23	23	12	53	37	72	9	19	10	14	48	42	37	42	17	19	23	15	13	7	53	19	13	6	9	0
GH80	15	0	0	0	0	4	0	0	17	0	7	0	0	0	0	0	0	0	0	12	3	0	7	5	0	0	0	0	0	0	0	0	0	0	0	0	0	0	0	0	0	0	0	0	0	0	0	0	0	0	0	0	0	0	0	0	0	0	0	0	0	0	0	0	0	0	0	0	0	9	9	0	21	9	8	22	0	12	4	0	0	0	0	0	0	0	0	0	0	19
GH6	1656	2797	2008	443	662	585	511	862	572	1020	432	1108	754	294	303	315	584	1029	318	546	759	846	733	625	767	733	865	1022	1645	1177	2079	2091	2586	1957	4769	3583	2690	3700	4027	2435	4083	3380	3058	3409	2760	3113	2045	1944	2041	113	3196	1742	765	2146	2104	1926	2033	2021	1524	1966	887	1034	1557	836	844	884	560	791	682	1486	368	1907	1918	1436	1730	1380	650	737	863	974	638	747	619	482	585	626	575	1102	1778	1358
CBM14	0	1	7	12	0	0	0	0	0	0	0	0	0	0	0	0	2	7	0	0	0	1	0	0	0	0	0	0	0	8	0	0	0	0	0	0	9	2	0	19	8	0	7	0	0	0	4	0	0	0	0	7	0	0	0	6	1	0	0	0	4	0	0	0	0	0	0	0	0	0	0	0	0	0	0	0	6	0	8	3	0	0	5	0	0	15	3	0	6	0
GT1	56	136	68	135	71	120	78	79	142	199	101	127	75	108	101	89	200	241	111	123	140	129	146	144	119	124	137	107	130	85	207	227	268	128	109	96	180	93	157	110	169	97	135	108	148	133	142	54	157	0	154	123	23	140	243	117	150	2104	270	193	94	126	125	156	136	144	125	170	137	182	76	178	226	157	146	226	126	162	129	117	122	175	94	88	151	131	88	164	219	171
AA12	10	6	24	4	8	5	19	0	1	20	14	15	6	0	7	11	0	0	12	23	0	13	16	22	0	10	0	14	0	22	22	6	22	9	35	21	2	13	17	5	0	13	0	13	18	0	13	5	26	0	25	7	0	5	5	23	13	16	1	17	0	0	2	6	16	0	14	0	8	0	8	49	34	14	0	18	9	4	11	12	1	0	18	6	0	3	9	22	0	23
PL27	0	0	0	0	0	0	0	0	0	0	0	0	0	0	0	0	0	0	0	0	0	0	0	0	0	0	3	0	0	6	0	0	0	0	0	0	0	0	0	0	0	0	0	0	0	0	0	0	0	0	0	0	0	0	0	0	0	0	0	0	0	0	0	0	0	0	11	0	0	0	0	0	0	0	0	0	0	0	0	0	0	0	0	0	0	0	0	0	0	0
AA4	4	2	34	0	8	8	13	12	13	13	23	33	47	26	14	23	0	5	9	10	11	24	21	22	10	21	29	8	26	1	44	7	25	19	0	7	5	5	3	13	15	14	10	5	12	0	1	6	0	0	1	3	0	0	6	0	6	20	21	7	16	33	27	21	11	12	27	29	18	16	20	20	24	6	12	22	24	4	40	10	11	0	12	10	8	18	23	16	19	44
GT0	148	112	109	181	229	267	300	258	192	250	223	328	231	278	190	558	221	365	169	255	144	211	181	178	145	113	109	150	42	163	262	324	205	44	118	32	102	91	94	45	204	56	147	83	68	124	122	70	134	3	98	198	11	245	218	105	148	408	302	203	267	232	271	167	211	126	97	162	78	167	213	216	239	226	193	286	256	309	191	185	231	129	70	92	98	144	87	228	187	278
CBM30	6	0	7	0	0	0	5	0	0	5	2	6	8	0	0	0	0	0	0	3	0	0	0	0	0	4	1	0	0	0	8	2	5	0	3	12	4	6	24	0	0	8	28	0	14	13	0	0	0	0	0	8	0	25	0	0	4	1	5	7	0	10	0	6	10	13	13	10	4	1	13	0	0	0	0	3	0	1	13	8	0	0	3	2	12	7	13	7	11	0
GH28	1952	1464	1736	1398	2126	1888	1706	1660	1823	2190	1601	2172	2313	2296	2232	2629	1823	2210	1826	1696	1727	1653	1955	1885	1935	1906	1517	1760	2036	1857	2377	2523	2114	1551	1758	1784	1646	2016	1470	1640	2712	1789	1893	1705	1509	1458	1902	1352	2006	19	1821	1946	204	2695	1795	2061	1812	2775	2256	2713	1951	1835	2030	1856	2036	1993	2046	1897	1974	1946	1674	1929	1838	1955	1866	2156	1553	1600	1503	1678	1834	1941	1672	1806	2117	1692	1747	1978	2097	2206
AA5	528	1413	426	151	365	254	246	440	309	679	437	1359	628	408	1004	678	482	1828	354	196	386	1168	203	1343	567	698	553	302	1074	425	1572	1278	1134	918	2779	2093	1709	2330	3342	1416	480	1472	1883	1447	1165	1728	1442	1431	1619	11	2379	1066	155	1341	899	1193	908	944	1269	1880	56	73	81	424	790	695	640	632	635	301	210	409	323	202	306	242	157	89	54	245	598	107	550	149	456	454	258	145	117	188
GH128	7	11	19	14	23	5	12	0	14	0	10	21	23	7	6	10	0	9	10	8	0	3	9	7	43	0	0	17	16	17	26	19	14	8	61	90	9	11	15	11	4	10	22	28	44	25	7	5	12	0	34	8	0	1	23	4	10	9	5	27	0	6	0	0	8	16	7	10	11	7	16	6	0	8	18	24	3	18	0	0	5	23	17	8	0	0	22	8	0	4
CBM0	372	224	265	309	306	220	421	296	379	520	464	590	348	383	472	586	384	519	347	249	259	407	254	687	377	348	305	281	281	355	609	785	284	135	256	251	461	250	267	375	394	376	497	273	265	650	326	254	293	34	188	302	27	351	274	309	353	413	963	366	319	175	277	278	314	401	400	230	337	795	230	511	559	442	335	293	255	279	168	193	266	329	289	223	327	306	186	225	407	242
CE12	2184	2325	2207	1902	2864	2306	2231	2332	2502	3075	2551	5186	3241	2092	2381	3622	2183	3124	2217	1790	1970	3028	2193	3734	2128	5971	2254	1792	2145	2003	5609	6266	5204	1687	3659	2376	3388	2699	2881	2692	6292	3463	3910	3621	3122	3500	3975	2527	4460	32	2430	3842	400	6117	3838	3636	3215	4799	5870	4477	2113	2899	2812	2316	2937	2153	1936	1842	1895	4116	2766	2915	3338	2880	3084	3217	3100	2368	2070	2544	2550	2722	2128	3174	2836	2328	1958	2063	2898	2767
CE16	159	105	143	281	433	314	353	359	390	399	620	635	432	644	580	700	492	493	269	230	551	1220	397	930	269	394	198	130	282	387	103	112	40	0	39	8	17	0	65	79	73	7	25	12	21	10	11	40	100	8	16	199	0	28	40	20	65	43	336	37	108	76	91	796	722	861	456	308	440	251	375	134	163	279	147	346	81	79	103	101	532	226	351	243	386	688	518	168	161	476
GT11	0	0	0	0	0	0	0	0	3	0	6	0	0	0	0	0	1	0	0	26	0	0	0	0	0	0	0	0	0	0	0	0	0	0	0	0	0	3	10	3	0	0	0	0	0	0	0	0	0	0	0	9	0	0	0	10	0	0	0	0	0	0	0	0	0	8	0	0	0	0	2	0	0	0	0	6	0	1	0	0	0	0	0	0	0	0	0	5	0	1
GT89	283	441	286	80	165	203	131	156	170	405	99	268	286	246	93	67	143	196	99	183	190	177	123	191	189	161	243	221	373	184	134	120	194	104	258	110	187	224	201	121	120	234	223	200	236	79	133	123	166	0	238	69	14	164	99	49	108	109	123	124	351	215	436	226	389	264	213	160	222	331	216	218	255	476	291	348	130	188	126	117	199	119	133	188	186	158	136	341	352	272
GT77	9	20	0	18	0	0	0	0	0	0	0	13	0	8	0	0	0	18	7	0	4	0	0	12	9	10	5	31	9	0	0	0	4	0	0	0	0	13	0	0	7	0	0	0	0	0	0	0	5	0	0	9	0	0	0	0	0	341	0	0	0	6	0	11	6	0	0	13	0	6	1	14	11	0	47	0	0	0	0	10	0	6	0	5	0	7	0	1	0	0
CBM47	754	576	703	542	682	547	628	690	647	811	666	1013	857	703	790	781	839	869	729	653	649	691	643	658	754	837	687	638	901	713	534	612	520	518	861	793	719	674	548	528	719	832	736	858	646	943	703	527	895	4	759	571	127	552	541	637	632	503	533	372	540	782	761	716	807	750	829	1000	744	404	677	582	650	615	703	713	549	678	668	628	679	634	617	671	585	726	626	638	777	788
GT18	0	0	0	0	0	0	0	0	0	0	0	0	0	0	0	0	0	0	0	0	0	0	0	0	0	0	0	0	0	0	0	0	0	0	0	0	0	0	0	0	0	0	0	0	0	0	0	0	0	0	0	0	0	0	0	0	0	0	0	7	0	0	0	0	0	0	0	0	0	0	0	0	0	0	0	0	0	0	0	0	0	0	0	0	0	0	0	0	0	0
GH87	221	345	360	352	516	472	283	230	418	220	199	317	205	114	130	215	139	243	80	447	431	269	358	212	244	271	244	230	354	343	850	768	997	360	882	885	731	813	945	395	1551	612	883	871	747	707	834	620	644	1	858	624	200	1062	732	518	499	1670	770	1524	531	856	749	398	795	467	276	171	236	512	508	707	698	1057	771	764	951	1143	861	1822	1551	618	812	721	313	256	389	434	1167	1284
PL5	200	340	87	238	222	291	423	322	246	364	449	640	296	296	152	332	201	181	162	178	315	818	167	488	172	133	154	255	71	136	64	110	81	82	27	22	84	31	156	10	365	0	33	11	14	104	14	8	124	0	0	175	0	149	17	8	2	109	649	111	178	314	158	271	207	231	126	191	163	189	152	282	390	177	137	139	236	234	147	52	105	92	100	146	137	134	128	89	146	169
GH22	0	0	0	0	0	0	0	0	0	0	0	0	0	0	0	0	0	0	0	0	0	0	0	0	0	0	0	0	0	0	0	0	0	0	0	0	7	0	0	0	0	0	0	0	0	0	0	0	0	0	0	0	0	0	0	0	0	0	0	0	0	0	0	0	0	0	0	0	0	0	0	0	0	0	0	0	0	3	0	0	0	0	0	0	0	0	0	0	0	0
CBM37	0	0	0	0	0	0	0	0	0	0	0	0	0	0	0	0	0	0	0	0	0	0	0	0	0	0	0	0	0	0	0	1	0	0	0	0	0	0	0	0	0	0	0	0	0	0	0	0	0	0	0	0	0	0	0	0	0	0	0	0	0	0	0	0	0	0	0	0	0	0	0	0	13	0	0	0	0	0	0	0	0	0	0	0	0	0	0	0	0	0
AA1	6	25	36	31	41	52	51	31	45	107	41	18	87	39	36	38	44	17	38	18	42	47	23	80	25	13	19	23	56	72	159	75	133	77	57	125	63	22	44	20	72	106	106	81	10	80	144	116	93	0	176	48	5	100	49	62	47	593	32	0	40	40	43	29	81	39	61	58	19	92	24	166	66	24	133	112	22	39	26	71	31	2	76	12	55	7	34	47	34	94
CBM56	104	84	118	53	151	97	131	57	49	49	84	290	51	102	222	122	75	40	31	106	169	42	85	108	86	95	85	160	156	74	242	256	180	156	388	482	456	342	513	291	417	328	319	220	311	280	312	169	257	59	401	107	106	101	213	242	192	109	195	215	104	163	130	55	40	40	75	49	89	125	84	148	161	48	100	80	128	333	224	298	136	257	45	133	137	127	124	160	123	190
GH120	0	0	6	10	6	0	0	0	0	0	0	20	24	28	6	13	0	8	0	0	10	0	9	0	0	2	16	1	0	0	1	0	0	0	0	0	0	0	0	0	0	0	0	0	0	0	0	0	8	0	0	0	0	0	4	0	0	0	11	0	8	0	0	7	0	2	0	0	12	0	10	13	1	0	0	27	9	0	0	0	0	0	0	0	10	5	0	0	0	0
CE2	163	427	130	246	201	185	165	148	148	231	207	327	306	120	122	160	133	268	143	175	133	349	183	370	312	139	174	165	147	198	150	187	192	212	230	216	191	123	223	55	344	263	178	190	201	106	163	173	187	0	89	219	7	193	350	203	362	188	271	250	270	344	402	314	369	558	145	167	104	323	319	314	351	300	282	318	300	188	231	359	249	330	246	287	262	235	168	340	291	414
GH73	50	38	50	9	22	36	28	18	42	38	74	221	22	89	92	184	56	105	138	42	32	99	22	137	14	25	19	135	22	66	26	28	38	16	6	15	45	37	43	2	65	2	47	46	54	24	20	0	28	0	50	33	15	55	34	80	42	60	61	140	57	37	47	7	28	17	19	27	10	90	51	51	168	113	73	106	42	19	30	6	41	17	7	34	46	23	19	17	44	16
GT17	0	0	0	0	0	0	0	0	0	0	0	0	0	0	0	0	0	0	0	0	0	0	0	0	0	0	0	0	0	0	0	0	0	0	0	0	0	0	0	0	0	0	0	0	0	0	0	0	0	0	0	0	0	0	0	0	0	0	0	0	0	0	0	0	0	0	0	0	0	0	0	0	0	0	0	0	0	0	0	0	0	0	1	0	0	0	0	0	0	0
GH124	0	0	0	0	0	0	0	0	0	0	0	0	0	0	0	0	0	0	0	0	0	0	0	0	0	0	0	0	0	8	0	0	0	0	0	0	0	0	0	0	0	0	0	0	0	0	0	0	0	0	0	0	0	0	0	0	0	0	0	0	0	0	0	0	0	0	0	0	0	0	0	0	0	0	0	0	0	0	0	0	0	0	0	0	0	0	0	0	0	0
GH54	46	6	14	422	906	634	130	100	171	84	98	83	92	356	234	258	114	222	167	501	465	64	539	79	108	93	95	97	18	87	42	40	11	0	5	8	9	19	18	3	130	0	6	1	7	0	1	13	10	0	0	0	0	66	0	3	0	53	34	24	547	707	657	185	420	143	85	72	121	127	321	183	114	178	251	122	953	943	885	1717	1031	538	68	604	183	336	205	299	594	543
GH100	0	0	0	0	0	0	0	0	0	0	0	0	0	0	0	0	0	0	0	0	0	0	0	0	0	0	0	0	0	0	0	0	0	0	0	0	0	0	0	0	0	0	0	0	0	0	0	0	0	0	0	0	0	0	0	0	0	30	0	0	0	0	0	0	0	0	0	0	0	0	0	0	0	0	0	0	0	0	0	0	0	0	0	0	0	0	0	0	0	0
GH0	2645	1794	2614	3484	3039	2697	2748	2610	2298	2733	2445	2718	2845	3628	3299	3363	3223	3345	3055	2637	2633	2303	3117	2352	2284	2590	2386	2053	2699	2607	3872	4137	3512	2145	3217	2796	2535	2582	2499	2608	4026	2629	2644	2594	2337	2653	2822	1995	3397	0	2494	2451	263	3355	2569	2480	2385	3287	2715	2960	2774	3021	3269	2050	2443	2567	2380	2470	2331	2725	2516	2569	2142	2555	2776	2799	2382	2590	2029	2542	2310	2381	2288	2461	2030	2116	2247	2701	2634	2851
GH113	13	1	7	12	0	5	0	20	5	5	6	0	16	1	13	6	4	0	11	10	8	15	5	0	5	0	6	0	29	0	12	0	0	15	25	0	1	6	6	0	0	0	1	4	10	10	0	0	0	0	21	0	0	12	24	10	14	8	8	5	0	27	19	0	12	3	0	12	23	9	8	16	0	21	10	4	6	20	3	0	4	7	6	16	2	22	0	6	5	0
GT5	149	169	180	240	145	77	159	181	187	272	153	176	153	314	105	738	188	223	214	237	145	148	237	293	130	136	79	92	155	130	112	269	313	94	77	109	103	149	95	39	439	155	122	78	135	200	74	46	127	0	103	527	29	213	325	120	140	271	3733	486	147	204	223	154	90	163	176	193	153	179	307	172	215	166	198	383	99	143	87	77	129	152	82	199	173	100	150	184	157	219
GH94	544	483	708	925	823	964	859	742	789	907	744	774	854	911	1017	716	1050	878	825	719	657	641	852	843	630	3354	743	627	747	722	385	323	384	237	437	322	292	441	187	335	417	328	330	300	255	242	302	178	324	30	268	446	16	458	304	307	264	281	436	258	620	765	649	725	615	708	719	761	624	608	673	651	534	592	586	690	699	709	625	814	644	578	505	720	471	552	546	578	684	588
GT66	36	48	98	69	100	60	127	73	101	105	66	86	90	98	74	114	131	103	43	69	41	102	88	31	96	67	84	41	53	60	104	96	88	67	125	117	126	146	177	116	92	107	96	163	127	186	144	83	53	0	263	76	33	65	160	81	150	194	50	118	122	92	82	87	111	98	80	117	62	78	91	62	75	50	53	74	58	75	57	26	47	79	88	85	63	67	95	59	69	58
GT94	0	0	0	0	0	0	0	0	0	0	0	0	0	0	0	0	0	0	0	0	8	0	0	0	0	0	9	5	0	0	0	0	0	0	0	0	0	7	0	7	0	0	0	0	0	0	0	0	6	0	0	0	0	0	0	0	0	2	0	7	0	0	0	0	0	0	0	0	0	0	0	0	0	9	0	0	0	0	0	0	0	4	0	1	0	0	0	0	0	0
GH132	0	0	0	0	0	0	0	0	0	0	0	0	0	0	0	0	0	0	0	0	0	0	0	0	0	0	0	0	0	0	7	0	8	0	0	0	10	0	0	0	8	0	0	0	0	0	0	0	0	0	15	0	0	0	0	0	9	0	0	0	0	0	0	0	0	6	0	0	0	0	0	0	0	0	0	0	0	0	0	0	0	0	0	0	0	0	0	0	0	0
CE0	378	334	277	485	697	521	534	662	487	647	530	568	469	486	373	702	451	533	299	376	693	632	524	753	284	318	354	297	474	297	586	505	406	351	868	385	497	450	593	388	634	619	573	530	560	383	512	391	489	8	514	389	47	644	486	428	328	430	438	714	638	621	956	632	807	564	397	414	369	865	568	784	960	965	961	730	740	936	730	568	567	740	399	695	583	442	317	640	1016	1193
GH1	445	505	537	624	663	610	534	629	443	690	353	489	537	444	472	387	465	316	345	457	393	419	354	453	465	487	478	351	423	472	660	717	574	283	391	290	409	473	532	372	569	409	441	509	406	357	360	291	510	0	398	423	56	485	276	290	316	776	529	1032	407	306	607	571	583	595	434	385	403	556	663	645	801	593	531	500	759	534	513	1301	631	397	520	674	413	505	407	660	513	657
GT9	800	687	683	858	1211	973	1119	998	1322	1202	1533	2752	1759	1293	1205	1773	755	1216	872	790	760	2368	632	1470	1179	797	989	708	588	811	1099	1121	753	238	307	204	471	328	374	275	1060	246	492	228	255	377	267	154	581	35	324	705	11	809	604	480	471	862	1673	601	590	381	528	891	848	690	657	620	719	863	716	886	1048	827	729	884	915	604	562	804	942	653	501	675	986	738	479	721	498	703
PL22	158	77	106	329	297	365	216	186	195	372	174	263	183	183	107	204	176	242	187	278	123	150	124	216	141	212	179	78	57	163	347	509	291	76	99	119	141	62	38	74	655	67	121	131	117	141	166	72	167	6	55	212	11	432	101	119	47	563	338	254	137	146	222	129	171	225	148	59	130	188	138	72	106	201	104	146	404	343	276	269	254	277	53	339	156	189	109	171	197	242
CBM22	258	215	330	255	232	181	186	304	200	326	185	316	247	150	199	181	115	210	76	187	171	247	153	366	163	326	249	230	234	183	667	853	817	607	1075	1039	718	885	1211	672	586	954	1092	724	773	821	743	452	830	7	929	558	124	457	589	664	478	864	571	964	109	219	275	266	284	382	240	389	279	292	314	268	218	139	289	167	175	239	197	513	397	368	469	212	259	237	262	195	226	259
GT76	0	0	0	0	0	0	0	0	4	0	0	0	0	0	0	0	0	0	0	7	0	0	0	0	0	0	0	0	0	0	9	5	32	7	28	0	11	0	0	0	8	5	0	4	0	0	0	16	0	0	0	16	0	0	8	6	0	8	2	10	0	0	0	0	0	0	0	0	0	0	6	8	0	0	0	0	4	0	0	0	0	0	0	0	1	3	0	11	0	0
GT32	0	0	0	0	0	11	0	0	0	0	0	0	0	0	0	0	0	0	0	0	0	0	0	0	0	0	0	0	0	3	0	0	5	7	1	0	0	0	5	0	0	0	0	0	0	0	0	0	0	0	3	0	0	0	0	0	0	0	0	4	0	0	0	0	0	0	0	0	0	0	0	0	0	0	0	0	3	0	1	0	0	0	0	0	1	0	0	0	0	0
GH84	16	13	27	33	27	18	5	25	26	20	37	8	10	10	21	16	27	6	11	10	8	40	24	13	61	16	11	9	17	15	54	19	24	2	144	115	191	108	88	46	27	103	75	159	118	140	166	33	64	0	92	29	5	33	44	59	69	51	13	26	27	52	11	47	19	53	7	4	24	48	22	81	19	94	50	50	54	17	15	6	27	20	0	59	56	7	18	28	14	12
GT47	114	81	70	83	60	112	86	68	113	115	101	120	66	94	122	137	108	63	104	90	92	68	96	93	49	60	78	64	44	80	75	81	105	74	178	95	83	115	44	155	49	114	87	94	124	122	95	59	116	0	117	68	14	100	114	67	54	104	44	89	104	48	73	104	192	107	61	89	68	93	80	79	60	161	76	164	61	72	71	74	79	26	48	50	41	71	44	58	58	69
CBM44	63	15	20	0	39	11	19	22	34	35	23	56	23	22	14	39	53	16	39	74	19	35	13	24	2	10	11	14	28	0	51	32	19	98	40	56	71	15	71	58	82	47	47	71	68	11	13	32	63	0	21	77	0	27	131	43	69	45	76	37	28	50	31	41	19	0	39	16	20	25	31	43	21	45	18	6	21	31	24	42	16	7	51	3	3	3	16	13	4	40
CBM24	0	0	0	0	0	0	0	0	0	0	0	0	0	0	0	0	0	0	0	0	0	0	0	0	0	0	0	0	0	0	0	0	0	0	0	0	0	0	0	0	0	0	0	0	0	0	0	0	0	0	6	0	0	0	0	0	0	0	0	0	0	0	0	0	0	0	0	0	0	0	0	0	0	0	0	0	0	0	0	0	0	0	0	0	0	0	0	0	0	0
GT59	0	0	0	0	0	0	0	0	0	0	0	0	0	0	0	0	0	0	0	0	0	0	0	0	0	0	0	0	0	0	0	0	0	0	0	0	0	0	0	0	0	0	0	0	0	0	0	0	0	0	0	0	0	0	0	0	0	0	0	0	11	0	0	0	0	0	0	0	0	0	0	0	0	0	0	0	0	0	0	0	0	0	0	0	0	0	0	0	0	0
CBM67	96	102	172	85	77	133	143	209	130	163	123	156	103	182	41	100	158	153	125	63	160	187	145	128	101	123	123	95	112	121	172	210	207	70	109	112	130	192	152	101	296	205	177	107	176	95	110	104	179	0	148	100	0	216	69	110	194	137	149	171	109	101	110	218	146	165	157	75	134	416	222	245	305	218	99	143	102	93	87	139	217	139	133	183	98	186	161	102	148	163
GT14	21	7	11	0	0	0	0	0	0	0	4	20	0	0	0	0	8	5	0	0	0	0	0	0	0	0	0	0	0	0	0	8	0	0	4	0	0	0	0	0	0	0	0	0	0	0	6	0	0	0	0	0	0	0	0	0	0	64	0	0	0	0	0	0	5	0	0	0	0	2	0	0	0	3	0	0	0	0	0	0	0	0	0	0	6	0	0	0	0	13
GH47	55	34	14	10	30	37	46	33	48	73	28	74	64	22	56	40	28	81	54	67	127	27	57	76	4	38	17	15	91	43	301	173	184	8	15	49	20	47	26	24	446	12	17	28	27	43	37	20	62	0	38	79	6	118	38	40	23	189	152	185	69	24	65	25	71	64	24	40	21	117	37	64	145	96	27	185	67	41	43	43	38	39	34	68	31	17	50	69	58	73
GH50	75	66	68	78	70	71	264	129	83	90	101	187	114	41	141	87	30	73	53	27	78	125	24	102	92	66	48	35	18	14	8	0	41	0	6	0	0	0	19	2	0	0	0	12	0	7	0	0	34	0	4	11	0	15	0	0	0	33	15	0	37	21	25	78	46	28	57	35	61	58	67	31	18	3	29	0	43	19	21	12	38	27	43	45	17	80	40	44	52	26
CBM60	107	118	89	80	182	167	114	129	123	286	157	148	142	164	78	187	99	111	78	126	232	130	148	143	183	164	146	110	117	93	38	132	94	119	288	141	173	108	80	104	82	223	255	102	104	105	82	110	186	0	138	68	15	71	95	98	40	187	61	52	195	175	170	120	90	168	170	202	101	287	161	138	307	119	216	278	271	195	188	127	156	189	115	131	82	163	140	194	165	217
GH97	190	116	129	152	149	105	168	120	122	182	178	288	263	156	94	225	155	194	161	117	150	152	101	390	183	164	88	141	102	78	200	209	206	74	115	148	142	161	131	234	214	180	161	148	158	179	164	81	130	0	160	153	0	219	98	153	119	182	255	212	63	51	123	140	130	150	112	123	91	141	92	143	84	87	88	207	50	108	67	132	174	86	85	105	78	43	123	80	50	175
GT26	127	49	108	68	103	54	79	69	176	67	142	60	78	56	111	131	90	123	108	46	114	112	61	140	72	42	116	74	92	108	131	148	120	136	153	194	119	150	91	150	115	158	150	127	127	118	123	86	64	0	104	116	11	119	91	63	108	63	124	121	87	100	106	64	99	61	43	186	59	88	113	89	83	65	114	76	124	53	95	87	110	78	78	127	86	72	97	120	144	93
GH144	153	217	199	160	155	119	189	127	185	161	235	381	229	271	282	693	257	209	156	69	155	248	97	348	180	147	126	132	103	266	233	277	159	80	58	71	97	85	101	184	228	84	133	59	78	184	92	64	280	2	62	164	0	93	149	144	173	100	582	128	160	30	159	50	66	131	112	177	119	195	124	92	244	138	99	231	96	63	92	132	84	78	74	85	99	120	79	108	91	147
GH37	153	171	128	104	229	192	165	203	155	109	99	158	26	111	95	168	122	106	126	183	185	79	154	194	158	158	114	69	118	138	980	1024	871	661	1621	1303	1207	960	766	1334	2780	1495	1813	1486	1582	1120	1165	949	1618	7	928	1113	341	1011	1083	1132	1102	997	1414	511	428	191	307	91	197	202	99	47	129	363	183	288	312	238	323	134	239	227	218	130	148	78	73	123	51	33	31	424	302	576
GH18	3453	3327	3745	2360	2418	2602	2279	2293	2028	2284	2058	2362	2095	1738	1686	2068	2162	2745	1543	1433	2697	3022	2458	3039	2709	3007	3602	2062	2384	2000	9379	7577	10517	6316	10895	11609	8353	11843	11557	8144	10119	11143	9788	8772	8570	10061	8290	6396	8433	216	11961	7217	2053	7956	7261	6779	6987	11434	5693	12408	2544	2897	3745	2674	3750	3914	2649	2588	2503	3309	3508	3696	3691	3882	3837	3401	2485	2701	2286	4952	3895	3642	3707	3225	2834	2686	2670	2431	3053	3651
GH27	410	390	332	729	968	678	577	616	529	552	508	588	458	489	410	469	785	710	518	905	1069	512	982	634	354	433	385	335	325	547	1174	1305	1190	387	492	630	416	573	499	530	1710	476	545	634	471	642	667	485	701	7	431	791	44	1310	628	681	554	1318	1045	1305	935	1155	1162	624	695	686	351	463	405	1154	633	1047	924	1202	1225	976	1304	1113	1003	1246	1052	945	415	800	598	536	378	1041	1117	1147
GH137	0	0	0	0	4	0	6	6	0	0	0	0	13	0	0	5	25	5	0	0	0	0	0	11	0	0	0	0	0	1	0	0	0	9	0	0	0	0	5	9	0	10	0	0	0	0	0	0	3	0	0	0	0	5	6	7	5	0	12	0	5	0	0	0	0	7	1	13	4	0	8	0	0	0	0	0	0	1	10	14	9	0	0	4	0	0	14	4	0	0
GH67	1933	1828	1473	1228	1992	1545	1921	2205	2172	3942	2317	3704	3428	2608	2517	3911	1748	1999	2073	1264	1147	2695	1273	2844	3043	2471	2759	2162	2077	2476	3168	3099	2769	1324	1786	1833	1918	1757	1253	1549	2448	2204	2500	1280	1492	1803	1652	1417	1946	85	1058	1920	228	3146	2295	1499	1589	2323	3137	2546	994	1055	1175	2168	2007	2263	2209	1865	2003	2607	1896	1740	3163	2016	1829	2396	1117	929	751	901	1636	1166	1796	1462	1956	1680	1655	1566	1155	1228
GH12	52	48	50	60	101	57	28	75	32	46	46	119	23	63	59	103	94	123	44	59	117	289	29	189	23	102	11	33	60	24	152	334	275	132	574	268	360	450	468	211	394	241	219	340	345	232	395	190	289	0	450	201	70	207	471	502	324	257	255	373	65	164	369	137	149	124	264	137	128	104	247	143	97	128	236	133	294	317	212	221	262	383	166	162	95	222	88	223	382	316
GH91	0	0	0	21	9	4	43	26	6	0	13	0	0	0	0	10	12	27	11	11	8	14	0	10	0	0	0	0	0	0	9	0	9	0	1	0	10	0	0	8	7	0	6	0	0	6	8	6	9	0	15	0	0	0	0	0	0	10	22	22	0	0	4	0	0	10	0	0	0	0	0	0	0	0	0	0	0	1	0	0	0	0	0	0	0	0	0	1	0	19
GT69	0	0	0	0	0	0	0	0	0	0	0	0	0	0	0	0	0	0	0	0	0	0	0	0	0	0	0	0	0	0	0	0	0	0	0	0	0	0	0	0	0	0	0	0	0	0	0	0	0	0	0	0	0	0	0	0	0	0	0	0	0	0	0	0	0	0	0	0	0	0	0	0	0	0	0	0	0	0	0	0	0	0	0	0	7	0	0	0	0	0
GH106	863	796	887	1190	1569	1378	1377	1091	1135	1084	1353	1651	1303	1399	1237	2004	1672	1585	1307	1188	1126	1233	1085	1440	811	891	918	1101	1068	959	2099	2026	1628	668	1268	978	961	1101	862	844	2275	1190	1086	998	896	742	993	882	1642	7	832	1748	142	2235	1250	2120	1521	1692	1897	1929	1102	1429	1219	954	1110	840	862	867	798	969	863	827	943	1047	888	1040	856	1020	791	911	1018	1022	485	895	1175	952	809	930	1027	1441
GT62	0	0	0	0	0	0	0	0	0	0	0	0	0	0	0	0	0	0	0	0	0	0	0	0	0	0	0	0	0	0	0	0	0	0	0	0	0	0	0	0	0	0	0	0	0	0	0	0	0	0	0	0	0	0	0	0	0	0	0	0	0	0	0	0	0	0	0	0	0	0	0	0	0	0	0	0	0	0	0	0	0	0	0	0	0	0	0	0	0	12
GH17	1472	1741	1362	1725	2501	2493	2921	2321	2412	2762	2640	4309	2296	2274	1913	2462	1654	2298	1486	1935	1976	5078	1905	2935	2057	1437	1615	1575	1490	1657	1384	1555	1501	326	700	560	1089	1175	770	617	1803	911	1270	914	738	1061	772	583	1052	36	599	1356	169	1702	1201	1305	1093	1954	2287	1395	2078	2471	2251	2245	3072	2625	1651	1972	2029	2672	2610	2187	2707	3032	2352	2565	2544	2747	2688	2021	2549	2254	1955	2539	2173	2582	2297	1973	2750	2564
CE5	170	493	187	315	406	394	411	542	423	437	403	370	399	201	280	256	414	604	234	224	316	432	328	525	198	225	303	141	283	137	250	266	359	43	182	205	210	151	153	94	483	51	129	163	178	84	144	123	253	7	195	157	10	216	181	142	190	173	303	334	330	471	575	405	311	377	270	180	229	1016	314	1151	1383	1185	844	1132	540	531	528	283	514	293	354	373	340	343	228	510	501	605
CBM26	0	0	7	14	13	0	0	25	4	1	8	0	4	0	1	22	11	21	0	3	11	9	0	0	8	7	0	0	9	21	7	6	10	0	37	0	7	12	18	0	3	17	7	23	10	22	9	14	0	0	29	0	0	5	19	32	28	0	6	5	0	2	14	8	0	0	0	4	10	0	16	0	0	0	0	3	0	0	0	0	0	1	0	0	8	5	19	0	0	19
GH88	33	39	6	58	44	23	18	27	33	51	34	64	105	29	14	18	19	14	38	35	33	26	45	29	36	45	19	12	19	14	40	55	25	20	17	8	4	18	6	27	57	34	9	17	10	28	10	18	48	0	15	38	0	72	5	42	26	34	62	32	17	51	9	9	12	11	13	7	14	46	31	34	8	54	55	25	83	71	152	106	74	15	14	28	60	34	9	85	11	53
CBM1	0	20	52	18	28	7	27	21	30	25	28	34	10	15	3	13	33	60	16	18	13	25	11	17	5	17	38	11	28	37	17	120	40	30	56	28	72	142	190	52	56	52	102	104	38	84	136	15	71	0	131	42	0	108	84	102	108	48	48	62	56	64	37	66	34	51	51	19	61	130	44	95	89	69	15	59	124	58	51	117	151	118	38	53	69	41	40	34	36	85
GT8	60	32	53	23	8	4	31	7	10	3	20	17	2	8	0	12	17	0	0	9	0	11	8	6	14	0	8	59	8	0	100	99	66	49	11	23	39	28	35	8	68	7	51	30	5	12	13	8	23	0	0	65	0	103	97	5	20	494	1700	241	8	17	77	54	11	14	12	10	14	22	9	29	12	46	80	26	20	12	20	40	24	34	18	12	30	6	16	35	30	16
GT20	1454	1408	1732	1589	1912	1778	1747	1759	1654	1498	1523	1544	1701	2009	1372	1856	1975	1847	1513	934	909	1414	1059	1438	1422	1203	1396	1197	1275	1133	1693	1331	1505	861	1192	1598	1105	1741	1471	1328	1435	1433	1594	1216	1318	1091	1363	858	1299	31	1715	1478	312	1492	1301	1623	1598	1529	1663	1701	1337	1065	1329	1071	1505	1433	1446	1137	1161	1604	1330	1693	1887	1817	1564	1899	851	924	558	837	1143	1138	1366	1150	1176	1204	1196	1308	1179	1264
PL9	807	1894	769	500	691	702	850	977	859	1845	1496	1713	1753	748	929	1208	1639	1730	1109	490	684	1885	668	1971	1409	2333	1216	933	761	887	884	1192	1195	622	1540	1240	1060	1060	926	1024	1184	1292	1249	1409	934	1078	944	829	848	37	1317	854	342	1103	843	806	983	793	992	852	625	629	1111	1231	1760	2351	1045	1134	1020	1366	879	1505	1815	1578	2185	1606	482	461	370	647	633	1173	820	719	1583	1510	1203	708	1328	1208
GH64	65	76	68	81	63	57	34	60	73	44	63	48	79	61	57	72	34	79	35	19	92	87	47	37	43	56	29	68	73	14	368	293	345	197	424	315	360	539	516	327	459	393	404	303	388	372	399	185	454	11	587	385	130	287	324	359	304	325	207	346	76	47	132	56	84	101	116	97	60	54	81	84	123	92	124	72	108	95	90	100	177	135	156	86	96	100	89	99	122	113
GH55	99	87	88	178	173	238	131	115	177	132	168	155	153	152	102	81	97	149	164	171	133	125	136	227	194	195	152	113	141	100	167	169	185	39	94	89	99	112	97	52	375	77	96	88	41	92	74	53	98	0	122	175	14	124	130	72	108	173	186	194	312	398	350	180	296	103	242	270	260	250	155	276	194	402	322	286	418	470	315	301	214	202	176	232	136	140	98	186	505	470
CBM4	265	329	360	411	438	310	360	304	323	682	380	403	564	256	346	232	293	310	209	303	361	412	240	538	471	434	469	267	354	325	956	709	1014	646	1122	1284	963	1112	1388	683	907	1060	1150	1016	948	895	706	655	815	74	999	513	481	644	709	681	658	441	578	1010	253	440	621	627	519	623	398	463	356	323	494	316	444	393	453	345	404	506	520	481	405	594	294	585	546	426	416	469	537	553
GH127	125	146	105	61	109	112	103	196	63	153	83	119	142	62	77	216	115	116	58	68	49	109	98	192	58	2201	102	70	106	115	106	124	138	7	143	38	63	65	41	25	78	85	57	27	48	96	127	60	21	0	32	71	28	92	99	53	27	85	121	49	157	132	105	73	207	106	152	69	58	88	57	142	77	50	151	186	64	69	143	123	103	66	63	86	92	79	60	129	74	116
CBM53	0	0	0	0	0	0	0	0	0	0	0	0	0	0	0	0	0	0	0	0	0	0	0	0	0	0	0	0	0	0	0	0	0	0	0	0	0	0	0	0	0	0	0	0	15	0	0	0	0	0	0	0	0	0	0	0	0	0	0	0	0	0	0	0	0	0	0	0	0	8	0	0	0	0	0	0	0	0	0	0	0	0	0	0	0	0	0	0	0	0
AA2	0	0	0	0	0	0	0	0	0	0	0	0	0	0	0	0	0	0	0	0	0	0	0	4	0	0	0	0	7	0	0	0	0	0	0	0	0	0	0	0	0	0	0	0	0	0	0	0	0	0	0	0	0	0	0	0	0	0	0	0	13	0	0	6	0	0	0	0	0	0	0	32	0	4	9	3	0	0	0	0	7	0	0	0	0	0	0	11	10	5
GH3	3443	3141	3123	3606	4497	4131	4023	3637	3543	5216	4462	6554	4617	3967	3600	4773	3130	3986	2601	3093	3335	6025	3232	5334	3837	3526	4023	3178	3041	3606	5336	6121	5440	1983	2600	2641	2820	2692	2730	2319	5955	2601	2915	2592	2343	2805	2595	2020	3164	85	2788	3756	361	5659	2273	2605	2560	5902	6029	4649	3513	4172	3991	3875	4312	4120	3242	3283	3344	4578	4031	4073	4537	4556	3912	4356	4490	4264	3490	3538	4114	3966	2467	4089	3392	3727	2915	4167	4005	4720
GH103	3524	3977	3620	3864	6682	5160	4822	4848	5405	4616	4222	6977	5530	4184	4038	6494	4418	6115	3695	4930	5183	4970	4813	5658	3414	3326	3395	2495	3260	3321	5111	6095	5043	1695	3170	5278	3513	3339	2793	2566	5982	2701	3473	2872	2662	2898	2213	1744	3054	37	2531	4609	376	5743	5499	3775	3627	7699	7760	4177	5307	7224	6837	5476	5892	5428	3801	3602	3630	8903	5430	7497	8913	9543	7407	9108	6913	6991	6413	4919	7221	4259	3826	5090	4611	4812	3781	5882	7044	7000
PL0	125	152	121	59	195	136	128	110	229	350	240	353	475	256	135	330	180	136	137	95	119	167	113	211	150	145	179	142	144	211	635	703	431	542	626	454	587	358	466	291	622	247	587	632	423	481	710	367	808	37	498	738	98	554	662	719	632	463	757	1247	116	134	139	252	179	189	142	106	169	235	66	121	267	197	180	209	152	161	114	79	112	77	127	194	155	190	168	170	213	108
CBM40	0	0	0	0	5	0	0	0	0	0	0	0	0	0	0	0	0	0	0	0	0	0	0	0	0	0	0	0	0	0	0	0	0	0	0	0	0	0	0	0	0	0	0	0	0	0	0	0	0	0	0	0	0	0	0	0	0	0	0	0	0	0	0	0	0	0	0	0	0	0	0	0	0	0	0	0	0	0	0	0	0	0	0	0	0	0	0	0	0	0
CBM50	16078	18015	16182	16313	21456	18668	16417	17868	17450	20173	17209	27905	19003	16117	15309	20012	17674	23001	16196	13205	14831	24781	12413	22052	13433	14718	15790	13172	14710	13520	37808	38117	43051	17962	32153	30389	28178	35147	43348	24243	40311	29123	30381	27076	25198	26054	25730	18608	29699	308	35870	34630	3506	40805	31795	31051	26702	45317	49866	55505	16790	17345	23037	20012	21808	19464	17234	20329	18801	22532	20155	21849	24275	24324	22924	25593	17516	15032	12881	15479	21625	16633	16056	15632	16574	18644	13355	19100	23529	24276
GT90	0	0	0	0	0	0	0	0	0	10	0	0	0	0	0	0	0	5	0	5	6	0	0	0	0	0	0	0	0	0	0	4	0	11	0	0	0	0	0	0	0	0	0	0	0	0	0	0	5	0	0	0	0	0	0	0	0	25	0	0	0	0	0	0	0	0	0	0	0	0	0	0	0	0	0	0	14	0	0	0	0	0	0	0	0	0	0	0	0	0
GH116	37	9	9	36	23	16	25	46	12	37	16	11	17	26	0	34	34	20	59	15	13	28	28	0	13	9	16	15	0	30	0	1	13	19	0	15	2	24	10	0	0	8	6	9	8	7	32	3	15	0	4	7	5	4	3	13	16	29	3	14	41	24	20	22	16	6	21	7	9	49	8	56	17	31	22	11	42	49	27	20	27	18	29	9	16	21	3	0	16	18
GH139	13	10	9	5	20	16	1	0	4	26	11	17	7	14	0	0	15	0	13	0	0	0	0	7	0	0	0	11	1	15	0	0	0	8	0	0	0	0	0	25	0	11	0	0	18	0	9	0	0	0	0	0	0	0	0	0	0	0	10	0	0	0	0	2	46	0	0	0	9	0	0	9	0	0	0	0	0	0	0	5	0	0	0	9	2	8	13	5	0	14
GH31	343	246	279	287	290	286	292	241	480	276	437	472	372	294	293	443	373	426	276	366	463	554	293	322	400	383	262	231	278	284	665	775	780	373	685	566	708	437	534	496	1316	444	448	569	435	513	523	369	586	46	803	649	65	758	809	515	534	969	726	868	674	299	565	380	488	352	333	400	306	502	330	567	769	777	771	667	394	370	249	332	359	519	420	395	327	282	329	555	872	807
AA6	60	52	66	36	46	45	25	71	127	83	58	165	42	98	49	63	88	168	63	32	19	75	100	61	39	98	80	62	66	38	348	183	448	307	630	854	387	469	547	477	144	574	566	631	651	510	332	217	328	19	505	318	82	227	326	191	282	184	273	247	56	92	103	92	83	111	106	73	70	28	81	80	106	145	66	128	23	15	68	44	88	43	54	52	78	56	60	60	79	102
GH136	0	0	14	0	19	0	0	0	0	0	12	0	0	0	1	0	0	0	0	0	9	4	0	5	0	0	0	0	14	12	7	5	0	0	0	7	0	0	7	0	0	9	0	0	0	0	0	0	0	0	0	0	0	9	0	0	0	0	2	11	7	0	0	23	12	0	0	0	0	0	0	0	0	0	0	0	21	8	0	0	0	0	0	0	0	0	0	12	0	10
CE1	4114	5605	4632	5145	6763	6218	5154	6589	6674	7689	6265	8401	5963	5765	4998	5803	4725	6703	3858	4261	5249	6870	5383	8005	4836	4811	4731	3743	4589	4604	4947	5202	6057	2283	5502	4602	4398	5046	4756	3308	8448	3953	4416	3858	3440	3767	2960	2269	4326	147	4111	4194	1041	4997	3647	3107	3249	4943	5400	5296	6490	7425	7005	9066	9903	9845	5712	4895	4563	15955	5198	14369	16157	10386	8476	10643	7752	7683	6625	6427	7511	4480	5320	5557	6182	7056	5064	7453	8392	7319
GH121	165	235	112	20	111	108	85	42	53	143	86	263	131	101	86	93	135	92	76	68	102	234	110	117	60	97	86	98	128	89	452	420	524	439	550	636	616	698	1095	421	660	764	604	778	783	787	491	383	553	20	860	416	86	446	458	436	400	352	502	325	58	97	285	117	252	123	230	195	177	123	127	240	240	154	230	131	64	82	33	171	175	160	176	114	200	230	203	185	180	173
CBM57	1081	872	1265	695	765	474	742	721	734	934	707	1264	752	855	730	881	665	706	466	414	499	967	439	1107	1257	1085	1539	847	1072	887	2306	1699	2554	1535	2171	2329	1536	2228	2743	1756	1928	2508	1817	1996	2197	1840	1749	1196	1972	60	2166	1757	401	1877	1637	1746	1798	2211	1393	2583	389	479	622	1125	1372	1397	993	1022	930	521	1038	687	646	646	703	670	415	304	413	686	1242	702	1496	721	898	928	958	514	1053	703
GH79	5	1	12	44	0	6	7	32	6	0	7	7	14	10	18	8	10	6	0	54	52	40	45	19	24	0	11	12	5	46	12	9	6	0	16	0	0	15	14	6	38	0	0	0	19	19	0	0	6	0	0	8	0	11	12	36	7	21	8	0	53	84	92	2	36	27	4	22	35	43	18	72	54	46	47	39	37	16	39	27	13	28	23	25	11	2	26	84	86	31
GH77	212	167	244	152	237	105	138	174	145	260	188	269	129	263	262	246	252	364	180	413	395	100	344	195	115	158	97	161	163	107	205	230	199	90	163	192	157	313	146	191	204	231	317	195	225	217	200	120	203	0	204	170	19	122	163	202	122	179	157	209	246	200	165	195	231	178	145	106	172	191	179	129	256	225	188	187	138	158	223	155	157	156	178	188	215	228	169	157	204	319
GH145	39	9	15	4	22	0	5	7	20	2	10	18	0	5	8	6	0	10	30	5	67	5	4	15	0	2	15	0	8	18	0	20	37	19	18	21	6	5	0	0	31	0	13	11	0	16	17	10	39	0	0	11	11	14	9	11	11	18	7	10	0	13	25	0	11	18	0	9	7	11	2	5	30	4	6	8	0	0	0	0	14	56	16	9	10	24	0	3	1	26
CBM9	480	510	546	492	749	618	497	574	514	769	489	473	575	519	472	554	469	508	400	449	499	483	652	505	583	633	597	369	532	359	1031	988	1001	411	1033	933	590	854	675	669	970	824	744	741	689	733	633	367	592	51	756	637	116	715	850	782	635	950	704	940	455	623	706	781	817	604	634	523	703	784	650	888	796	990	845	724	723	602	551	598	574	558	553	667	707	651	488	541	678	619
CBM71	0	0	0	0	0	0	2	0	0	0	0	0	0	0	0	0	0	0	0	0	0	0	0	0	0	0	0	0	0	0	0	0	0	0	0	0	0	0	0	0	0	0	0	0	0	0	0	0	0	0	0	0	0	0	0	0	0	0	0	0	0	0	10	0	0	0	0	0	0	0	0	0	0	0	0	0	0	0	0	0	0	0	0	0	2	0	0	0	0	0
PL17	228	73	120	86	191	24	141	164	162	135	208	419	137	300	108	456	252	281	236	90	84	348	103	537	192	75	51	70	37	35	1303	848	814	428	636	501	426	490	499	496	1101	535	676	524	407	593	351	340	686	29	463	506	0	792	937	1124	803	1328	2311	913	32	158	97	77	62	43	68	41	97	437	57	64	85	135	99	131	18	53	18	40	46	44	17	33	37	18	37	25	255	159
PL8	101	302	174	130	175	130	120	186	104	105	132	128	55	61	111	96	44	172	55	76	62	216	65	132	171	61	164	135	123	144	530	420	575	368	1450	1381	672	1004	1233	571	304	647	1014	1026	896	930	483	367	460	140	1423	451	443	383	708	571	830	252	316	547	57	66	148	295	501	415	111	178	187	84	151	111	67	100	126	130	45	81	42	233	253	229	180	158	228	239	180	82	343	143
CE9	19	57	53	64	18	31	43	87	39	58	15	32	57	55	16	81	64	47	40	73	56	35	62	68	17	19	43	66	51	58	52	35	21	28	96	82	54	84	78	45	33	61	137	46	65	41	86	41	58	4	136	64	0	75	59	52	60	106	54	57	39	54	59	25	62	55	84	27	21	34	38	56	68	60	94	17	47	30	28	23	38	12	4	30	27	11	17	60	33	57
CE15	638	674	572	606	877	595	622	652	648	1122	921	1459	1090	814	755	935	740	779	553	577	778	866	552	960	761	696	804	538	675	818	580	648	539	284	441	329	404	358	352	330	837	346	478	299	464	345	363	413	495	32	255	523	91	644	388	369	503	526	657	368	472	613	622	1209	1423	1834	1144	1212	1146	516	1047	627	716	541	604	884	476	786	819	699	1079	787	678	883	1076	1339	1082	806	711	771
CBM77	0	0	0	0	0	0	0	0	4	0	0	0	0	6	0	6	9	3	0	0	8	1	0	0	0	4	0	0	0	0	0	0	0	0	0	0	0	0	0	0	0	0	0	0	0	0	0	0	0	0	0	0	0	0	3	0	0	8	0	7	0	0	0	0	43	18	0	0	7	40	0	0	5	0	14	0	0	0	4	9	0	0	2	6	9	5	0	0	0	0
GT10	0	0	0	0	0	0	0	0	0	0	0	0	0	0	0	0	0	0	0	0	0	0	0	0	0	0	0	0	0	0	0	0	0	0	0	0	0	0	0	0	0	0	0	0	0	0	0	0	0	0	0	0	0	0	0	0	0	0	0	0	0	0	0	0	0	3	0	0	0	0	0	0	0	0	0	7	0	0	0	0	0	0	0	0	0	0	0	0	0	10
GH119	0	0	0	0	0	0	0	0	0	0	0	0	0	0	0	0	0	0	0	0	0	0	0	0	0	0	0	0	0	0	0	0	0	0	0	0	0	0	0	0	0	0	0	0	0	0	0	0	0	0	0	0	0	0	0	0	0	0	0	0	0	0	0	0	0	0	0	0	9	0	0	0	0	0	0	0	0	0	0	0	0	0	0	0	0	0	0	0	0	0
GH134	0	0	0	0	0	0	0	0	0	0	0	0	0	0	0	0	0	0	0	0	0	0	0	0	0	0	0	0	0	0	0	0	0	0	0	0	0	0	0	0	0	0	0	0	0	0	0	0	0	0	0	0	0	0	0	0	0	0	0	0	0	0	4	0	7	0	0	0	0	0	0	0	0	0	0	0	0	0	0	0	0	4	0	0	0	0	0	0	0	0
GH16	694	637	863	405	531	588	680	622	708	605	433	548	431	422	619	468	649	560	338	475	461	611	387	791	439	488	396	430	535	510	699	692	572	241	346	466	574	432	467	705	929	353	467	536	493	420	409	261	535	0	649	608	47	494	481	348	439	835	674	413	450	633	663	569	663	618	632	612	662	965	624	695	881	803	637	842	511	533	597	329	372	390	472	403	490	568	380	533	626	598
GH43	1472	1670	1203	1201	2285	1767	1584	1809	1612	2811	1846	3263	2253	1197	1593	1787	1647	2181	1182	1156	1300	2271	1225	2236	1859	4140	2237	1136	1593	1550	3889	4185	4291	3116	5738	5017	4813	4867	5602	3436	4422	4395	4415	4648	4712	4585	4173	3276	4553	110	4590	3594	1001	4371	3400	3661	2981	4806	4201	4426	1262	1342	1755	1762	2130	1937	1819	1442	1480	2014	1484	2042	2601	1984	2075	2203	1367	1498	1212	1251	1919	1486	1558	1494	1570	1847	1262	1910	1566	2050
AA11	0	0	4	9	17	0	2	0	0	0	5	0	0	0	0	0	0	12	0	0	0	10	0	27	10	7	0	0	16	0	0	6	3	0	10	5	28	22	3	9	15	0	6	18	16	1	63	1	26	0	27	16	0	11	14	8	9	64	325	102	6	39	30	0	0	0	9	0	0	19	7	60	25	20	59	45	42	21	10	9	0	0	20	13	20	28	5	1	20	6
GH51	989	692	840	894	1188	805	987	911	720	975	885	1189	970	792	840	914	1458	1253	1114	741	663	982	820	1029	839	905	895	785	661	955	1467	1546	1878	743	1414	1280	1193	1567	1397	1106	1943	1589	1237	1390	1246	1419	1085	805	1441	43	1311	1248	306	1632	1256	1431	1310	1445	1545	1857	756	1102	1056	887	934	1068	711	737	827	1117	1007	1161	1070	1290	1073	1062	1101	1081	1110	788	922	989	702	903	948	871	779	1005	932	1123
GT35	251	230	310	423	402	258	471	318	387	446	397	408	475	479	533	551	414	434	370	310	240	269	357	477	346	329	360	401	374	370	318	249	319	212	282	256	279	422	326	278	302	269	322	260	273	313	293	215	304	7	316	321	27	344	260	259	254	259	261	264	420	329	353	359	413	519	421	376	400	391	289	428	445	353	347	477	319	263	335	318	300	269	284	345	305	298	311	328	432	435
GT25	0	0	0	0	0	0	0	0	0	0	0	0	0	0	0	0	0	0	0	0	0	0	0	0	0	0	0	0	0	0	0	0	0	0	0	0	0	0	0	0	0	0	0	0	0	0	0	0	0	0	0	0	0	0	0	0	0	0	0	0	0	0	0	0	0	0	0	0	0	0	0	0	0	0	0	7	0	0	6	0	0	0	0	0	0	0	0	0	0	0
CBM5	1667	1942	1974	1203	1956	1775	1199	1546	1426	1261	1441	1708	1264	1021	1194	1230	1188	1708	1017	1211	1350	1813	1080	1966	1500	1645	1568	1006	2128	1157	6342	5109	6256	4798	7206	7381	6341	7695	7830	4174	6826	5591	6101	5443	5716	4916	6389	4554	7387	167	6747	4917	902	5788	5550	4229	3911	5483	5570	9433	1091	1335	1679	2004	2953	1956	1533	1616	1293	2344	1736	2389	2850	3296	3230	2893	1640	1701	1453	2429	2994	2025	1829	1418	1492	1798	1488	2648	2049	1927
CBM19	0	0	0	0	0	0	0	0	0	0	0	0	0	0	0	0	0	0	0	0	0	0	0	0	0	0	0	0	0	0	0	0	0	0	0	0	0	0	0	0	0	0	0	0	0	0	0	0	0	0	0	9	0	0	0	0	0	0	0	0	0	0	0	0	0	0	0	0	0	0	0	0	0	0	0	0	0	0	0	0	0	0	0	0	0	0	0	0	0	0
GT51	16486	17405	16501	18084	27081	21830	19316	21178	22283	21976	19108	26245	22453	19075	18083	21642	24005	28767	21998	18655	18970	21419	20181	24976	15776	15347	16125	13118	17967	15077	39516	34654	36599	22706	34602	33288	28796	36708	40967	31065	32569	33261	33776	29979	28235	27454	30709	19861	34835	427	37883	30561	4530	34200	30785	31151	27667	34109	44083	41777	23723	21983	24547	20692	22776	20089	18119	18623	18301	29298	19485	26981	31072	28880	26710	28688	22272	21158	18131	20108	24993	16496	18463	17787	18903	20268	14651	22419	25127	27006
GT2	5062	4763	4529	5540	9017	6533	5632	5771	6097	6856	6004	7734	6768	6752	5822	8603	6782	8233	6488	5812	5872	6446	5671	6792	4965	12063	5038	4271	5161	4255	9398	10054	9845	5890	9002	9557	7870	8354	9650	7202	9389	8506	8433	7215	7073	7477	6679	5132	8627	151	8162	8902	676	9107	9574	8051	7930	9703	14191	12269	6446	6793	7603	5949	7345	6654	5202	5257	5007	8129	6779	7385	8647	7414	6913	7913	7178	7283	6272	8712	10123	5461	4158	5883	5853	6929	5293	6845	7750	7509
GT7	0	0	0	0	0	0	0	0	0	0	0	0	0	0	0	0	0	0	0	0	0	0	0	0	0	0	0	0	0	0	0	0	0	0	0	0	0	0	0	0	0	0	0	0	0	0	0	0	0	0	0	0	0	0	0	0	0	0	0	0	0	0	0	0	10	0	0	0	0	0	0	0	0	0	0	0	0	0	0	0	0	0	0	0	0	0	0	0	0	0
GH7	0	0	0	0	0	0	0	0	0	0	0	0	0	0	0	0	2	0	0	0	0	0	0	0	1	0	0	0	0	7	13	1	5	12	0	0	4	0	0	0	0	0	4	0	11	0	0	0	0	0	0	0	0	17	0	0	0	12	8	0	0	0	0	1	11	0	0	0	0	16	5	0	0	0	0	0	0	9	0	0	10	0	0	0	0	0	0	0	0	0
CBM21	0	1	0	0	0	17	0	0	0	5	0	14	0	0	9	6	0	0	5	0	0	4	0	0	0	8	0	0	7	4	0	15	0	8	15	4	17	0	15	0	1	0	15	4	2	0	5	6	19	0	12	16	0	58	32	11	13	0	18	0	0	0	0	17	0	0	12	0	29	0	0	0	0	7	21	8	10	0	0	0	0	0	0	0	0	0	0	0	0	0
CBM64	36	41	27	44	27	29	66	79	26	54	32	31	18	38	27	58	45	36	33	22	30	135	7	100	12	39	63	40	23	7	55	54	38	31	88	88	24	78	58	53	25	73	51	57	36	25	57	64	71	0	98	27	9	102	39	14	54	27	12	18	27	126	59	50	44	53	105	104	42	41	42	56	73	26	105	24	148	137	108	66	40	58	43	26	38	29	67	22	73	50
CBM34	39	3	58	26	18	38	41	56	21	45	74	14	0	41	13	27	76	27	43	107	125	111	91	94	13	14	22	11	29	0	43	16	36	29	31	31	18	16	17	14	29	28	14	34	19	12	18	27	0	0	36	6	2	30	24	2	24	44	23	57	68	73	167	9	38	16	18	36	1	80	77	16	27	179	15	51	63	35	28	7	49	84	24	25	64	34	26	285	226	230
CBM16	1582	1584	1781	1454	1678	1633	1060	1421	1333	1202	1183	1015	1114	772	708	1156	810	1428	656	860	1284	1785	885	1949	1379	1142	1334	850	1149	868	6638	5488	7710	3834	10005	9533	6450	8348	7729	6827	9488	9475	8426	7133	7668	7003	6592	4005	6436	445	14453	5125	1767	7372	5067	5057	4418	10531	3926	11055	1360	2340	3084	1804	3086	2365	1375	1430	1151	1825	2151	1917	2098	2307	2206	1814	2307	2365	1998	3028	2558	2539	1704	2105	1945	1939	1745	1673	2981	2681
PL7	28	6	19	49	3	21	53	18	59	0	160	29	0	7	30	26	48	230	8	93	54	102	19	27	20	5	34	19	0	11	104	59	154	83	210	86	135	170	170	80	253	69	91	100	88	125	199	108	69	0	143	232	32	254	369	260	239	153	213	238	8	78	83	35	61	46	7	20	19	19	46	101	88	39	26	16	50	56	34	68	1	90	31	27	86	70	24	82	161	67
GT21	86	126	142	193	411	244	99	126	84	78	148	116	95	219	191	198	239	274	234	235	229	124	183	147	66	86	96	27	110	58	112	168	183	63	249	209	150	213	131	155	242	139	177	154	168	141	104	68	150	24	201	234	53	217	159	161	84	63	482	246	205	501	467	234	157	207	125	176	146	149	201	195	204	122	123	200	601	576	753	743	655	152	67	236	145	206	312	212	343	307
GH110	0	0	7	0	0	0	9	0	2	0	0	8	0	0	0	0	0	0	0	0	0	0	8	2	0	0	19	6	0	0	0	0	0	0	0	0	0	0	0	0	0	0	0	0	0	0	0	0	0	0	0	0	0	0	0	0	0	0	0	0	0	0	0	10	0	0	0	0	0	10	0	12	10	5	2	0	0	0	0	0	11	0	4	0	5	0	0	0	0	0
GH62	202	305	246	285	329	261	230	227	154	150	96	171	77	69	79	56	60	163	103	266	256	271	201	202	156	201	145	125	183	91	395	281	507	160	459	500	304	319	472	237	744	259	248	356	359	328	277	181	306	0	399	475	95	341	328	307	243	414	290	534	163	747	536	268	343	392	202	173	159	425	439	574	375	258	455	294	514	468	375	812	802	515	362	320	233	384	360	406	610	698
GH142	114	69	46	11	21	28	24	11	12	26	54	171	35	153	82	100	102	13	15	18	16	38	0	124	5	67	15	12	54	25	14	11	31	0	26	6	24	7	7	0	31	0	13	14	0	7	15	4	10	0	0	9	0	6	1	9	9	11	16	6	0	8	36	69	26	40	25	22	10	38	38	48	54	72	9	18	8	40	34	30	14	5	0	15	7	59	33	6	17	9
GH125	0	86	0	14	19	21	7	0	14	60	39	23	25	15	10	0	25	32	41	43	24	32	24	24	24	13	14	10	14	0	19	12	25	18	24	13	2	25	34	0	16	23	32	20	0	22	4	30	11	0	9	19	0	46	30	27	25	0	40	42	20	28	28	0	22	33	5	15	0	15	7	24	33	13	32	9	57	42	27	41	39	16	5	23	18	17	11	25	7	24
GH117	7	0	16	0	0	25	9	0	4	0	17	11	8	15	13	3	0	0	0	4	0	0	0	0	13	7	0	0	6	3	0	0	1	0	0	0	0	8	0	0	0	0	0	0	0	0	0	16	8	0	7	14	0	9	6	10	21	18	0	0	0	0	0	8	21	3	1	16	5	0	12	0	0	0	3	0	7	5	8	16	3	0	11	8	0	0	0	12	0	0
GH68	127	240	200	246	249	202	276	343	368	516	400	901	442	115	135	348	305	600	269	154	139	343	84	449	189	249	177	125	173	118	527	687	670	164	818	890	665	1168	2086	530	716	800	950	532	607	579	737	392	1078	0	1269	490	208	719	1173	1254	947	854	1188	1036	86	136	276	219	335	278	173	298	330	305	208	208	298	466	285	232	158	177	107	203	149	55	103	95	193	305	152	202	188	246
GH92	663	979	667	633	850	742	709	506	585	572	424	1064	608	697	517	725	558	531	505	713	936	566	684	1291	472	503	372	659	733	712	2091	1933	1377	960	1297	1267	1053	1105	1399	1220	1649	1497	1261	993	1380	1517	1108	708	1278	22	1387	1186	81	1160	1225	1155	1331	1446	2205	1204	1823	2180	2821	734	811	751	546	779	604	1478	1095	787	974	907	666	1379	1198	860	748	2388	2041	983	463	856	1060	670	608	1360	2341	1835
GH85	0	0	0	8	0	0	20	6	0	0	0	0	5	0	0	0	0	0	2	0	3	0	19	9	11	0	0	8	0	0	110	5	82	0	27	468	10	37	50	15	13	41	42	5	9	0	64	0	0	363	25	4	0	4	30	38	60	3	12	660	8	0	19	0	12	0	0	9	10	0	0	0	8	0	17	10	5	18	0	12	18	10	0	0	0	34	2	0	15	28
CE8	477	562	426	322	537	420	304	312	442	565	448	1007	556	329	343	411	468	653	319	358	484	1189	345	779	360	271	304	373	475	482	1464	1495	1601	681	2049	1443	1570	1655	1815	883	2376	1157	1119	1175	1139	1434	1520	899	1620	65	1714	1368	236	1845	2014	1494	1528	2751	1939	1694	533	567	1139	422	618	818	440	317	388	941	515	1115	969	951	1337	1132	532	607	345	807	993	772	661	628	668	761	648	746	1001	911
CBM25	90	101	38	66	53	29	72	88	98	120	134	122	152	81	45	203	32	257	71	87	58	165	51	304	62	45	95	65	61	21	70	92	160	133	288	111	124	173	197	124	90	162	83	208	151	122	106	78	153	0	163	147	7	123	182	104	132	106	119	167	84	49	43	109	82	93	99	27	77	156	76	97	163	105	153	206	58	53	57	84	91	97	132	41	143	105	75	58	533	75
GH101	1	0	0	0	0	0	0	0	0	0	7	0	0	0	0	7	0	0	0	0	0	0	0	0	0	0	0	0	0	0	0	0	8	0	0	0	0	0	0	0	0	0	0	0	0	0	0	0	0	0	0	0	0	0	0	9	0	0	0	8	0	0	0	0	0	0	0	0	0	0	0	0	0	0	0	6	0	0	0	10	0	0	0	4	0	0	0	12	0	0
GH81	1	0	4	0	3	26	0	22	0	7	22	45	9	19	33	0	6	40	13	5	19	32	3	2	0	15	24	28	18	1	6	0	15	8	21	8	0	3	11	9	8	0	13	0	6	7	0	0	3	0	0	0	0	5	8	22	4	17	4	16	21	10	11	7	23	37	0	7	14	22	4	13	7	31	0	35	12	10	4	0	8	1	2	19	21	8	2	0	22	0
CE11	47	27	23	45	66	52	41	54	63	40	221	69	61	60	87	72	93	59	30	121	65	55	92	118	52	25	42	47	45	51	56	29	16	57	21	35	77	10	25	60	120	59	49	52	35	20	50	58	49	0	23	122	8	90	30	60	18	67	65	14	103	45	119	31	105	96	28	45	65	64	86	128	143	103	58	70	120	126	86	52	100	40	67	52	81	79	73	94	93	82
GT33	0	0	0	15	12	0	0	0	6	0	0	8	3	0	0	0	0	10	0	0	0	16	0	0	3	0	2	0	8	0	0	7	0	4	0	11	0	10	0	0	6	0	0	0	0	0	0	0	0	0	0	0	0	0	0	0	6	0	0	10	3	6	0	0	0	0	0	11	1	0	0	0	0	9	0	0	0	0	0	0	7	0	0	9	0	0	0	0	0	0
GT19	24	9	17	18	40	40	30	48	33	23	91	74	67	71	56	61	54	45	72	45	45	57	34	35	82	67	24	34	53	82	37	32	53	7	13	15	0	4	42	57	21	2	32	21	25	18	18	18	30	0	16	16	10	56	33	38	5	5	11	53	50	45	46	29	24	14	82	29	58	47	23	37	68	58	31	34	19	13	58	38	28	46	56	58	31	33	20	5	56	52
CBM63	4	48	29	22	4	30	6	14	36	45	68	36	68	60	23	64	26	54	51	11	23	63	25	74	50	35	52	19	39	27	129	162	110	155	86	136	85	125	132	73	94	157	243	118	125	132	120	91	125	10	85	101	122	34	141	85	53	106	61	247	3	23	77	2	27	71	7	16	79	19	26	53	26	45	23	19	8	17	7	58	43	108	29	38	43	25	37	22	19	61
GH89	18	11	84	14	1	29	25	19	15	62	27	60	16	25	16	32	9	57	13	22	20	24	12	22	29	2	20	26	16	29	44	115	45	27	104	61	136	86	129	53	97	51	43	95	100	161	53	25	42	0	240	90	17	98	127	87	41	69	65	100	41	29	27	32	47	41	21	28	19	9	0	23	60	33	20	47	19	19	24	5	19	31	31	13	8	40	20	3	34	35
GH131	0	0	0	0	0	0	0	0	0	0	0	0	0	0	0	0	0	0	0	0	0	0	0	0	0	0	0	0	0	0	0	0	0	0	0	0	0	0	0	0	0	0	0	0	4	0	0	0	0	0	2	0	0	0	0	0	0	0	0	0	0	0	0	0	0	0	0	0	0	0	0	0	0	0	0	0	0	0	0	0	0	0	1	0	0	0	0	0	0	0
CBM73	50	32	87	35	42	12	61	35	54	53	21	16	30	71	41	27	28	46	48	8	18	41	52	55	25	14	35	19	46	54	98	114	144	106	117	81	80	126	141	60	50	106	184	57	86	66	67	147	71	0	143	28	0	58	117	117	97	6	41	60	26	19	16	17	43	60	66	100	34	84	60	30	21	44	40	103	2	6	0	37	17	10	23	26	33	24	67	36	10	14
CBM76	0	0	0	0	0	10	0	0	0	0	0	0	0	1	0	0	0	0	0	0	0	0	0	0	0	0	0	0	0	0	0	0	0	0	0	0	0	0	0	0	0	0	0	0	0	0	7	0	0	0	0	0	0	0	0	0	0	0	0	0	0	0	0	0	0	0	0	0	0	0	0	0	0	0	0	0	1	0	0	0	0	0	3	0	0	0	0	0	0	0
CBM70	0	0	0	5	0	0	0	0	0	0	7	0	0	0	0	0	0	16	0	0	0	0	0	8	0	0	0	16	3	11	0	0	0	0	0	0	8	0	5	0	0	0	4	0	0	6	0	0	0	0	0	0	0	0	0	0	0	0	0	0	0	0	0	0	0	0	0	0	0	8	0	10	0	0	0	0	0	0	0	0	0	0	0	0	6	7	0	0	0	0
GH140	80	55	108	35	60	38	74	93	99	47	91	81	48	84	33	87	99	142	87	84	89	73	90	51	21	63	30	16	63	110	207	213	223	64	235	134	264	230	252	135	401	153	157	159	137	171	187	68	175	1	98	235	9	245	138	110	183	279	307	439	123	178	179	83	81	117	96	108	20	232	89	286	266	236	241	280	95	89	95	44	76	161	92	182	128	153	90	110	119	108
GH30	108	123	70	111	193	117	58	103	74	185	108	108	114	1743	170	4320	88	130	188	83	183	223	103	131	73	66	74	74	91	112	133	239	362	183	407	262	238	286	203	183	286	227	268	277	140	179	166	105	318	1	371	117	21	254	288	245	171	198	290	281	83	117	182	88	130	154	150	50	77	240	106	203	286	201	234	237	101	145	136	132	170	205	78	142	98	76	117	196	124	119
GH20	627	596	493	786	1199	883	600	428	709	870	625	861	758	585	535	634	749	772	503	565	582	713	666	808	613	481	633	496	610	721	2151	2309	1653	999	1511	1460	1117	1299	1452	1130	1902	1463	1448	1259	1178	1294	1278	845	1497	13	1322	2021	135	1821	1158	1484	1376	1811	3206	2357	633	801	715	619	826	516	590	489	504	800	562	780	784	711	699	982	1209	1115	970	774	650	682	335	591	353	425	500	504	721	812
GT84	182	89	62	82	105	109	174	194	166	144	117	131	146	237	113	151	217	186	129	142	87	122	125	128	227	101	142	159	164	186	63	119	92	40	52	62	43	90	58	34	73	83	116	75	112	46	109	42	111	1	86	70	21	44	82	84	60	85	30	25	95	41	108	145	90	123	98	162	47	90	102	125	68	111	129	111	140	115	76	130	158	80	53	104	108	125	100	77	84	65
GT15	0	0	0	0	0	0	0	0	0	0	0	0	0	0	0	0	0	0	0	0	0	0	0	0	0	0	0	0	0	0	0	0	0	0	0	0	0	13	8	13	0	0	0	0	0	0	4	0	0	0	0	0	0	0	0	0	0	0	0	0	0	0	0	0	0	0	0	0	0	0	0	0	0	0	0	0	0	0	0	0	0	0	0	8	0	0	0	0	0	0
GH93	0	23	0	19	19	0	5	33	0	0	0	10	1	4	0	1	12	24	0	0	0	0	3	0	3	0	19	9	0	8	15	5	25	0	19	19	4	0	0	0	19	0	20	13	5	8	11	6	5	0	12	0	5	25	0	9	11	21	4	14	16	0	0	9	22	0	0	0	0	0	5	10	0	0	11	7	3	21	5	12	0	26	0	9	14	14	6	0	0	17
CBM54	0	0	1	0	12	10	4	0	9	0	0	4	0	0	0	9	11	0	0	17	4	6	0	0	0	0	0	12	0	7	0	4	12	0	0	0	0	0	7	0	0	21	4	0	5	7	22	0	12	0	1	0	0	11	0	2	0	10	7	0	0	17	6	0	7	0	2	0	6	0	12	7	0	0	18	18	0	11	5	5	0	0	0	7	4	7	9	0	0	4
CBM41	1391	1896	1706	1229	1436	1175	1259	1575	1455	2001	1118	1845	1702	1285	1453	1463	1271	1393	899	765	995	1331	824	1568	2308	2278	2785	1264	1874	1325	4790	4016	5581	2440	4880	4500	3056	4695	5960	3149	3499	4117	3644	4095	3988	3688	3833	2271	3734	72	4658	3159	388	3322	4079	3989	3606	4762	2807	6472	1502	1214	1808	2160	2481	1958	2434	2832	2812	2092	1638	1992	1857	2659	2561	2105	1302	1075	895	1261	2001	1652	2436	1495	1877	2087	1460	1717	1615	1867
PL16	0	8	0	0	0	0	0	0	0	0	0	0	0	0	0	0	0	0	0	0	0	0	0	0	0	0	0	0	0	0	0	0	0	0	0	0	0	0	11	0	9	6	0	0	0	8	0	0	0	0	1	0	38	0	0	7	0	0	0	0	0	0	0	0	0	0	0	0	0	0	0	0	0	0	0	0	0	0	0	0	0	0	0	0	0	0	0	0	0	0
GH26	77	163	169	102	127	91	108	127	100	131	138	69	34	65	198	133	103	130	75	74	84	155	74	134	57	52	80	85	46	46	265	287	234	64	129	155	132	146	196	116	229	111	133	146	129	100	42	71	102	0	154	359	0	226	251	161	150	201	596	226	89	88	185	110	147	147	80	79	74	145	89	144	187	100	156	46	120	148	113	88	113	82	23	64	127	116	52	102	75	153
GH53	214	107	148	136	270	243	168	114	112	144	109	271	114	127	76	124	197	123	62	107	195	146	176	227	152	182	128	102	160	151	233	101	201	197	420	244	261	338	312	238	430	388	245	265	226	238	312	163	220	2	470	213	97	157	249	242	181	207	395	390	84	148	216	273	167	304	98	102	146	116	249	203	270	184	221	195	151	248	122	481	281	278	252	270	175	168	248	206	154	193
GT24	0	0	0	0	0	0	0	0	0	0	0	0	0	0	0	0	0	0	0	0	0	0	0	0	0	4	0	0	0	0	0	0	0	0	5	0	0	0	0	0	0	0	0	0	0	3	0	0	0	0	0	0	0	0	0	0	0	0	0	0	0	0	0	0	0	0	0	0	0	0	0	0	0	0	0	0	0	0	0	7	0	0	0	6	0	0	0	0	3	0
GT95	3	0	0	0	19	1	11	0	10	9	8	0	7	0	0	14	12	10	4	0	12	0	0	8	0	0	0	0	0	0	15	0	0	8	0	5	12	0	0	0	3	9	4	3	5	0	0	3	10	0	0	0	0	11	0	0	8	0	2	6	13	6	0	0	0	6	0	12	11	7	0	0	0	10	0	0	0	7	0	0	2	0	0	13	0	0	0	15	12	9
GT81	1	31	16	5	0	0	9	8	21	0	14	0	6	2	16	12	10	9	0	18	19	0	12	0	5	0	14	12	13	0	34	36	22	16	56	17	27	16	41	9	15	33	18	41	21	28	0	20	8	0	22	22	0	18	22	32	45	42	4	35	18	9	24	4	0	12	0	5	27	13	12	32	26	17	10	9	1	7	25	10	2	15	3	16	14	8	17	4	0	20
CBM59	0	0	0	0	0	0	6	0	0	0	0	0	12	0	0	0	0	0	4	11	0	0	0	0	0	0	0	17	0	0	0	0	0	0	0	0	0	0	0	0	0	0	0	0	0	0	0	0	0	0	0	0	0	0	0	0	0	0	0	0	0	0	0	0	0	0	0	9	0	0	0	5	0	0	0	0	0	0	0	0	0	0	0	0	0	0	0	0	0	0
GH4	47	41	52	57	100	89	27	33	34	68	66	23	38	30	20	21	48	58	33	27	38	25	62	43	33	45	40	49	72	26	73	44	124	23	47	95	56	109	126	68	46	87	115	55	80	18	75	59	61	0	75	32	0	62	80	43	53	94	101	101	67	39	87	61	90	30	38	53	60	89	63	97	23	77	66	41	49	50	40	82	25	75	48	82	46	53	21	72	129	99
GH8	511	602	367	198	249	186	327	289	277	391	206	178	259	398	353	520	401	365	280	201	194	257	194	332	232	252	462	338	323	534	37	108	159	178	426	509	133	166	214	262	174	206	215	179	126	114	89	109	165	0	189	61	4	112	238	134	147	313	169	123	273	105	220	223	195	347	205	261	160	152	242	96	155	130	159	99	107	90	111	222	1101	245	659	99	158	155	205	161	143	264
GH70	0	0	0	0	0	0	0	0	0	0	0	21	4	46	25	261	0	0	0	0	0	16	0	0	0	0	0	0	9	13	0	0	0	0	0	0	0	0	0	0	0	0	0	0	0	0	0	13	0	0	0	0	0	0	0	0	0	0	0	0	0	0	0	0	0	0	0	0	0	0	0	0	0	0	0	0	0	0	0	3	0	0	0	0	0	0	0	0	0	0
CBM12	4147	4435	4884	3069	3544	3295	2851	3061	3207	2861	3265	4344	2970	2782	2653	4597	2527	3188	1979	1979	2013	4566	2010	4619	3393	3144	3731	2425	3406	2812	12337	11031	13090	9666	16014	17649	10390	15150	15625	9126	13601	13252	13556	10216	11205	10497	9816	7139	10635	202	16205	9372	2183	10246	9761	8113	7958	11157	8353	19093	1961	2277	2666	3983	4958	4458	3718	3666	2829	4673	3070	3848	4256	4282	4204	4653	2637	3015	2095	4284	5033	2674	3559	2989	3122	3052	3150	4394	3416	3201
GH74	29	60	48	63	56	77	56	33	5	95	97	60	74	13	97	84	66	140	84	180	241	126	238	108	33	35	26	38	44	22	51	68	39	35	79	72	86	32	60	80	110	71	73	48	56	73	95	36	99	11	63	55	3	60	56	30	26	42	48	53	124	197	359	24	61	92	63	33	64	227	54	150	278	82	211	193	121	43	125	22	48	35	19	74	27	26	22	265	171	214
PL25	0	0	0	7	0	0	0	0	0	0	0	0	0	0	0	0	0	0	0	0	0	0	0	0	0	0	0	0	0	0	0	0	0	0	0	0	0	0	0	0	0	0	0	0	0	0	0	0	0	0	0	0	0	0	0	0	0	0	0	0	0	0	0	0	0	0	0	0	0	0	0	0	0	0	0	0	0	0	0	0	0	0	0	0	0	0	0	0	0	0
PL1	3305	3247	2706	1887	2198	2268	2202	2054	1802	3097	2076	5046	3410	2055	2325	2720	1759	2573	1518	1420	1670	3182	1293	3723	2377	2460	2426	2185	2392	2611	5126	5477	5658	3759	6306	5723	5398	5577	6637	3691	4889	5171	5707	5237	5315	4953	4439	3416	4842	243	5130	4068	1511	5146	4365	4240	3854	5087	5654	7173	1122	1409	1917	2780	3046	3443	2623	2519	1995	2453	2350	2883	3332	2430	2677	2627	1518	1249	966	2388	2798	1974	3005	1908	2859	3370	2554	2119	1835	1791
GT41	74	34	25	53	64	25	67	50	72	39	52	49	51	28	43	61	89	81	26	47	56	38	57	54	46	45	37	51	80	61	20	24	40	15	13	37	24	34	24	15	50	17	50	32	22	64	31	19	57	0	30	50	0	68	49	27	9	21	52	3	68	67	49	49	21	68	67	25	13	47	36	50	52	63	85	110	31	65	88	69	38	77	17	65	42	24	35	49	39	180
GH15	7894	8667	9213	8224	10712	10090	8910	8652	8480	10236	8446	10154	9760	9243	8616	9866	8391	9905	7627	8197	8270	8772	8491	10346	8466	7988	8939	7449	8220	8647	14983	12711	14635	6913	12783	11162	10200	13853	13824	10228	12377	12461	11781	12071	10148	11336	11395	6705	12860	119	14036	10814	1465	12400	12603	12346	12831	12113	9659	15585	10361	10367	11386	8718	10208	10230	8306	9587	8378	11126	8672	10574	11452	11109	11016	11226	7674	7451	6173	7334	9101	7173	8353	7913	8556	8087	7526	8906	9350	10383
GH32	107	174	253	132	87	110	104	95	42	91	99	213	123	120	88	245	110	243	117	54	90	74	114	173	125	90	126	122	142	132	232	243	225	200	154	149	183	333	521	110	240	129	214	199	142	108	158	106	193	0	276	128	13	282	275	309	201	1934	473	425	82	86	66	119	200	121	73	88	108	121	95	153	195	101	118	83	107	142	97	61	103	93	68	81	119	103	94	80	111	69
GT6	0	0	0	0	0	0	0	0	0	0	0	0	0	0	0	0	0	0	0	0	0	0	0	0	0	0	0	0	0	0	0	0	0	0	0	0	0	0	0	0	0	0	0	0	0	0	0	0	0	0	0	0	0	0	0	0	0	0	0	0	0	0	0	0	0	0	0	0	0	0	0	0	0	0	0	0	0	0	0	0	0	0	0	0	0	0	5	0	0	0
GH44	70	16	34	47	65	77	70	90	57	57	63	75	48	64	37	30	58	94	57	79	67	26	53	13	22	49	41	39	55	54	56	80	20	6	29	164	70	56	37	53	66	66	77	57	80	20	33	49	66	0	12	83	0	106	73	71	39	69	24	30	93	104	71	20	94	51	14	68	11	73	88	90	105	70	143	40	43	78	84	48	65	81	33	35	50	62	44	125	52	109
GH13	7338	8586	8917	8514	10617	8940	8289	8780	9168	10940	7688	12365	9009	8358	7019	8950	7125	9223	6043	6314	6709	8363	6800	10641	8190	7539	9289	6220	8029	7385	27510	24001	28621	14363	22230	22599	17781	22336	27615	18461	24280	20940	20511	19031	17173	16512	18774	13588	22204	290	21981	19790	1944	26385	18747	20990	18515	26121	22833	34557	11896	11425	12903	10640	11636	10746	8629	8572	9099	13057	9067	12620	12473	13451	12211	13506	9864	9713	8897	10298	11040	8199	8290	8624	9145	9106	7329	10843	12048	12799
GT80	0	0	0	0	0	0	0	4	0	0	0	0	0	6	0	0	0	0	0	0	0	6	10	2	0	0	0	0	0	6	0	0	0	0	0	16	0	0	8	0	11	0	0	0	0	7	7	0	1	0	0	0	0	0	0	0	0	11	0	0	0	3	0	0	11	0	0	0	0	0	0	0	0	0	17	1	0	0	0	0	0	10	0	0	0	0	0	0	0	0
GH71	18	0	0	0	23	0	0	11	17	0	10	18	20	15	0	18	0	0	13	12	0	12	13	26	4	18	7	0	14	28	25	92	24	31	17	25	38	8	32	49	196	22	23	23	13	2	24	28	34	12	21	51	0	133	30	23	32	91	91	79	0	9	0	0	0	0	0	0	4	13	0	0	4	17	16	39	12	7	0	11	4	5	0	27	0	5	1	24	22	13
GH63	0	0	0	1	0	13	0	0	12	0	0	16	0	15	0	0	0	0	0	19	0	9	0	27	0	6	13	12	8	0	8	14	15	0	0	0	0	0	0	7	13	0	5	0	4	9	1	9	0	0	13	11	9	0	15	9	3	13	9	13	0	13	0	0	9	58	0	0	20	0	8	19	0	0	0	11	22	0	13	6	23	7	0	5	15	51	28	0	0	0
CBM18	9	14	0	55	0	11	0	0	9	20	36	38	5	18	12	9	23	38	0	25	19	15	17	71	22	20	13	42	29	0	10	0	11	22	34	59	14	22	68	20	1	24	14	32	23	12	13	32	68	0	15	0	20	18	7	14	11	819	23	7	1	3	0	21	0	15	60	39	30	109	22	27	20	43	75	24	25	40	42	21	10	29	19	5	37	30	50	0	0	41
PL21	0	0	0	8	0	0	0	0	0	0	0	0	0	0	0	3	0	7	6	0	0	0	3	0	0	0	0	0	0	7	0	0	0	0	0	0	0	0	0	0	0	0	0	0	0	0	0	0	0	0	0	9	0	0	0	0	0	0	0	0	0	0	0	1	0	2	3	0	0	0	0	0	0	0	0	7	0	0	0	9	8	0	0	0	0	0	0	0	0	0
CBM23	0	0	0	0	0	0	0	0	6	0	0	0	0	0	0	6	0	0	0	0	0	1	0	21	0	0	0	0	0	0	0	8	0	0	0	18	0	0	8	0	3	0	0	10	5	9	0	3	8	0	0	0	0	3	7	0	0	20	7	4	18	0	0	0	0	0	0	0	0	5	0	0	0	12	0	0	0	5	0	0	0	0	0	4	0	0	0	0	0	12
GH65	79	36	35	33	48	30	48	39	45	68	34	54	84	52	42	36	16	58	18	46	15	31	17	8	74	74	24	13	33	54	31	63	16	24	67	58	52	61	119	47	31	23	96	64	48	52	112	45	64	0	73	64	7	42	50	39	107	16	53	94	33	29	75	27	63	40	80	63	47	28	15	38	79	70	25	71	37	27	30	52	18	29	63	72	71	62	47	86	38	84
CE14	2280	1891	2350	1421	3489	2620	2412	3091	2959	4033	3847	5957	3884	3471	3338	4107	3990	4590	2980	2113	2455	3826	2179	4062	2728	3219	3165	2560	3250	3195	1632	1245	1278	1155	1201	1522	1229	1070	968	990	1176	1058	1315	994	1267	1255	1078	858	1333	37	1068	1381	90	1264	1612	1620	1345	1061	1253	871	2223	1383	2141	5741	6671	6431	4904	4617	4038	2030	3185	2287	2820	3318	3271	4633	1337	1363	1146	1956	3642	3139	2279	3058	4538	5269	4381	2905	1752	2414
CE4	4588	4912	4199	5114	8443	6151	5814	7003	6810	8577	6101	13229	8244	5149	5410	6572	4541	7078	4186	4003	4514	9064	4848	9956	4406	4496	4307	3384	5068	4611	6035	6353	6504	3791	6667	6510	4394	6707	6205	5220	9725	6842	5700	5133	5193	5398	4526	2894	4405	141	6008	4391	2103	6712	5607	4575	4704	8948	8245	8686	6979	7463	8259	6636	7767	6543	4209	3794	4592	10053	5562	8469	9398	9704	8293	8388	7559	7630	7168	5941	7082	5040	4148	5616	6549	7910	4357	6230	9390	8011
GH115	190	95	153	294	441	328	330	229	221	232	206	285	218	158	136	155	160	139	121	245	145	181	281	275	171	194	195	151	163	210	241	556	329	118	88	214	128	48	135	117	511	129	158	190	128	210	157	131	199	0	71	173	32	236	135	99	131	216	352	355	237	294	335	227	221	132	179	228	159	279	154	259	211	143	196	268	410	353	311	200	235	287	82	256	203	256	192	231	289	459
CBM69	0	0	0	0	0	0	0	0	0	10	0	0	0	8	0	0	0	0	0	0	0	0	0	0	0	0	0	6	0	0	0	0	0	0	0	8	13	5	9	0	0	0	25	0	0	0	0	0	0	0	0	0	5	0	9	0	5	1	0	0	0	0	0	0	0	0	0	0	0	14	0	7	0	0	0	5	0	0	0	0	0	0	0	0	0	0	0	0	0	0
CBM45	0	0	0	0	0	0	0	0	0	0	0	0	0	0	0	0	0	0	0	0	0	0	0	0	0	0	0	0	0	0	0	0	0	0	0	0	0	0	0	0	0	0	0	0	0	0	0	0	0	0	0	0	0	0	0	0	0	0	0	0	0	0	0	0	0	0	0	0	0	0	0	0	0	0	0	0	9	0	0	0	0	0	0	0	0	0	0	0	0	0
GH104	0	0	0	0	0	0	0	0	0	0	0	0	13	0	0	0	0	0	0	0	0	0	0	0	0	0	0	0	0	7	0	8	0	0	0	0	0	0	0	0	6	0	11	0	0	0	0	0	0	0	4	15	0	0	0	0	0	0	0	0	0	0	0	15	14	0	8	2	0	0	0	0	0	0	0	12	0	0	0	0	0	0	0	0	0	0	0	0	0	0
GH111	0	0	0	0	0	0	0	0	0	0	0	0	0	0	0	0	0	0	0	0	0	0	0	0	0	0	0	3	0	0	0	0	0	0	0	0	0	0	0	0	0	0	0	0	0	0	0	0	0	0	0	0	0	0	0	0	0	0	0	0	0	0	0	0	0	0	0	0	0	0	0	0	0	0	0	0	0	0	0	0	0	0	0	0	0	0	0	0	0	0
GH95	298	251	253	322	388	337	294	214	302	260	272	322	308	279	218	322	370	429	334	272	329	333	391	271	329	360	263	324	226	296	501	573	560	303	428	466	372	366	358	367	876	468	366	411	330	436	376	390	441	25	394	362	133	652	300	394	329	1252	265	1144	256	267	419	331	419	401	320	254	178	330	321	381	333	252	334	329	446	507	358	463	387	475	291	397	286	284	374	247	248	369
GH138	18	6	10	0	0	12	3	8	7	16	19	17	9	5	8	0	0	0	7	0	7	11	10	9	7	10	23	0	3	9	7	0	25	0	0	6	3	7	0	13	7	11	0	10	20	10	7	3	12	0	0	12	0	28	11	12	5	21	5	11	0	0	0	12	2	0	20	0	7	0	8	0	19	0	1	55	0	8	18	13	15	21	7	7	0	3	0	3	0	0
CBM65	0	0	0	0	0	0	0	0	0	0	0	0	7	0	0	0	0	0	0	0	0	0	0	0	0	0	0	0	0	0	0	0	0	0	0	0	0	0	0	3	0	0	0	0	0	0	0	0	0	0	0	0	0	0	0	0	0	0	0	0	0	0	0	0	0	0	0	0	0	0	0	0	0	0	0	0	0	0	0	0	0	0	0	0	0	0	0	0	0	0
CBM35	1099	1232	1163	748	987	676	651	777	846	1824	723	1832	1166	816	601	927	638	805	546	576	697	1201	618	1109	1342	1012	1386	974	1236	1006	2131	1814	2714	3259	5367	5015	4054	5048	5994	3597	3677	5217	4207	4516	4416	4934	4649	3487	4456	129	5337	2191	1992	2337	3109	3188	2796	2101	1630	2742	584	805	1328	1400	1608	1395	1141	1006	805	1096	936	969	1189	774	1046	961	936	920	540	1047	1423	1205	1209	845	1020	847	747	678	823	1115
GH141	48	32	49	18	70	41	40	63	64	67	34	30	26	89	58	63	62	26	14	68	68	36	36	46	48	33	60	20	27	55	21	20	5	17	22	35	12	5	18	0	38	16	33	4	35	37	34	18	14	0	7	15	0	37	13	0	0	41	26	28	39	118	152	24	53	35	28	32	34	21	60	38	15	18	20	24	139	236	210	326	109	189	52	118	36	39	20	29	109	151
PL20	0	5	20	0	10	0	0	11	1	0	0	26	21	5	0	12	0	10	10	0	0	0	0	13	2	15	10	15	19	4	14	44	16	70	106	27	69	72	57	56	58	119	54	67	98	22	49	61	40	0	98	13	4	15	30	26	41	19	28	58	28	18	19	0	0	6	0	0	16	31	10	32	0	18	8	5	0	4	7	8	13	7	0	0	9	8	6	10	0	12
GH10	324	509	351	240	309	260	255	252	244	531	503	747	487	301	429	394	437	375	264	165	366	592	254	507	334	399	281	381	236	411	900	848	661	393	789	540	806	759	905	629	568	875	792	828	604	725	528	557	620	6	720	628	37	573	667	478	386	699	793	1360	213	257	411	318	414	477	500	328	393	751	311	506	580	552	384	364	332	398	386	393	421	282	443	279	416	280	318	306	494	294
GH130	5	10	8	7	41	12	21	9	17	8	54	4	8	17	28	18	12	21	15	15	16	9	15	23	19	25	0	8	14	16	4	41	11	0	52	0	10	60	47	17	28	13	43	38	63	10	28	44	43	0	23	13	0	9	7	12	5	19	28	16	36	73	58	7	17	6	0	11	11	27	32	25	47	41	47	37	38	23	55	28	24	0	13	21	22	19	32	28	58	66
CBM49	0	0	0	0	6	0	0	0	0	1	0	0	0	4	0	0	0	0	0	0	0	0	7	12	0	0	0	0	30	0	0	0	1	0	0	0	0	0	0	0	0	0	0	0	0	0	0	0	5	0	0	0	0	0	0	0	6	558	0	0	0	0	0	0	0	0	0	0	0	0	0	0	0	0	0	11	0	0	8	0	0	8	0	0	0	3	0	0	0	6
PL2	0	0	0	0	0	0	0	0	0	12	0	0	0	12	0	0	0	9	0	5	0	0	0	0	0	0	0	0	0	0	0	0	0	0	0	0	0	0	0	0	0	0	0	0	0	0	0	0	0	0	0	0	0	0	0	0	0	0	0	0	0	0	0	0	0	0	0	0	0	0	0	0	0	0	0	0	0	0	0	0	0	0	0	0	0	0	0	0	0	0
CBM20	178	178	211	161	235	285	203	161	208	256	175	280	328	358	208	496	210	713	216	169	195	214	169	209	277	241	256	127	184	138	713	553	495	549	903	729	656	1062	951	442	333	739	580	592	509	516	602	286	648	0	896	658	110	385	502	674	671	554	492	876	103	174	165	307	208	248	145	207	135	171	185	196	277	212	295	237	263	247	150	230	177	175	249	149	174	245	169	190	165	219
CBM32	5289	5113	6060	3312	4963	3801	3862	3859	3571	4715	3706	7221	4754	3529	3013	4040	2265	3965	2241	1990	2206	4975	2186	5644	5069	9308	5284	4278	4909	4206	10736	12055	13530	7079	12546	12521	10415	12999	12263	7087	11676	9779	10225	9422	8776	9541	9199	6548	8816	405	9529	8815	1560	12121	9008	8590	7465	13375	8662	19011	2600	3284	3585	7751	7338	6574	4496	3235	3229	4511	4163	3925	4327	4672	4368	4363	3635	3861	3590	5449	6751	4348	5456	4033	4394	3906	3895	3673	5079	3708
GH49	0	0	0	0	0	0	0	0	0	0	0	0	0	0	0	0	0	0	0	5	0	0	0	0	4	0	0	0	0	0	0	0	0	0	0	0	0	6	0	0	0	0	0	0	0	0	0	0	0	0	0	2	0	0	7	0	0	0	0	0	0	0	0	0	0	0	0	0	0	0	0	0	0	0	0	0	0	0	0	0	0	0	0	0	0	0	0	0	0	0
GH25	677	1026	759	617	881	757	620	787	664	805	674	729	801	782	701	1202	573	724	584	403	620	872	673	751	838	739	789	550	569	507	5980	4540	3927	994	2826	2209	3056	2367	2264	1503	2703	2159	2175	2579	2127	2639	2290	1779	2298	446	1863	3711	631	3723	3342	2823	2600	8383	3931	13748	741	679	995	950	1312	875	747	718	574	1171	757	1211	1079	1488	1410	1246	862	826	639	884	1108	831	414	761	646	731	585	980	913	1118
GT39	1413	2405	1592	1990	4009	2725	1779	2854	2172	2776	2050	4351	2465	1245	1587	1378	2205	3587	1723	1926	2078	2607	1405	2948	1938	2044	2303	1033	1967	1125	4583	3532	4779	1957	4008	3687	3743	5814	6870	2833	3351	3916	3363	3874	3379	3797	3599	2241	4113	69	7301	2502	854	3532	2502	2510	1831	3366	2683	4716	3287	2403	3616	2943	4292	3019	2391	2412	2367	3399	3499	3795	3721	4472	4517	4556	3582	3185	2600	4492	5439	2500	3805	3146	3231	3989	2523	2578	3513	3488
GH35	353	96	90	93	168	117	126	80	77	173	109	279	230	212	164	210	150	127	101	213	189	100	134	228	128	149	118	150	101	149	411	463	377	64	187	327	107	60	169	149	895	68	115	161	37	121	51	49	132	0	98	227	257	379	181	163	191	337	473	169	238	110	352	86	284	112	129	197	124	276	143	204	241	225	158	260	151	199	202	263	204	241	103	256	175	162	88	226	151	252
GH59	8	0	0	0	0	0	6	0	0	0	8	0	0	0	5	0	0	0	0	0	0	5	0	0	0	0	0	0	0	0	4	0	0	0	0	0	8	0	10	0	0	0	0	0	0	9	10	0	6	0	0	0	0	0	0	0	0	6	18	0	0	6	0	19	12	0	0	0	0	0	0	7	11	0	11	6	8	1	5	0	0	0	0	9	0	0	0	13	0	0
GT57	0	0	0	0	0	0	0	5	0	0	0	5	0	0	0	0	0	0	0	0	0	0	0	0	0	0	0	0	0	0	0	0	0	0	0	0	2	0	0	0	0	0	0	0	0	0	0	0	0	0	0	0	0	0	0	0	0	0	0	0	0	8	0	0	0	0	0	1	0	0	0	0	0	0	0	0	0	0	0	0	0	0	0	0	0	0	0	0	0	0
GH129	0	0	0	0	3	0	0	3	6	0	0	0	0	0	0	0	16	0	8	10	0	0	0	10	0	0	12	0	0	0	0	5	0	0	0	0	0	0	0	18	7	13	8	0	19	8	0	5	5	0	0	0	0	7	0	1	5	0	8	27	0	12	15	8	0	0	0	0	0	0	0	15	9	7	0	14	13	0	0	5	16	5	0	6	0	0	6	0	6	23
AA0	0	0	4	0	0	0	0	0	0	0	0	0	0	13	0	0	0	0	0	0	0	0	0	0	0	0	0	0	0	0	0	0	0	0	0	0	0	0	0	0	0	0	0	0	0	0	11	0	0	0	0	0	0	0	0	0	0	33	0	0	0	8	0	11	0	0	0	0	0	9	0	3	0	0	0	0	0	0	0	0	0	0	0	0	0	0	0	0	0	0
GT22	13	0	22	0	8	21	26	6	2	34	15	13	30	8	11	8	43	25	5	12	16	24	11	48	17	0	8	32	12	5	12	7	42	0	15	7	9	19	9	0	18	6	25	22	6	20	11	6	18	0	19	23	0	13	10	5	10	15	0	8	22	8	3	0	19	12	18	3	15	5	28	16	20	8	27	14	4	17	8	45	15	0	16	20	5	4	8	27	26	10
PL12	0	0	9	0	13	0	0	0	0	0	3	13	0	17	0	9	0	39	3	28	16	0	19	5	0	13	0	24	5	6	0	0	0	8	2	0	9	0	3	22	4	0	14	0	13	1	22	0	9	0	9	0	0	0	8	10	0	0	6	23	0	0	12	7	7	0	0	7	0	0	0	0	0	5	10	0	0	4	4	0	7	9	0	5	0	0	0	0	8	0
CBM11	37	74	48	57	32	21	32	28	40	58	21	77	52	22	28	40	56	38	30	8	28	53	21	37	69	46	49	45	56	0	130	98	181	95	189	127	185	259	149	102	72	115	142	143	98	137	154	85	97	0	238	96	10	72	120	140	80	154	103	83	32	38	51	26	16	36	47	50	26	14	50	74	43	33	22	55	40	30	44	118	117	84	34	53	17	73	27	43	25	34
AA13	0	0	0	0	0	0	0	0	0	0	0	0	0	0	0	0	0	0	0	0	0	0	0	0	0	0	0	0	0	0	0	0	0	0	0	0	0	0	0	0	0	0	0	0	0	0	0	0	0	0	0	0	0	0	0	0	0	0	5	0	0	0	0	0	0	0	0	0	0	0	0	0	0	0	10	0	0	0	0	0	0	0	0	0	0	0	0	0	0	0
GT92	0	0	0	0	0	0	0	0	0	0	0	0	0	0	0	0	0	0	0	0	0	0	0	0	0	0	0	0	0	0	0	0	6	0	0	0	0	0	0	0	0	0	11	0	0	0	0	0	0	0	0	0	0	0	0	0	0	0	0	0	0	0	0	0	0	0	0	0	0	0	0	0	0	0	0	0	0	0	0	0	0	0	0	0	0	12	0	0	0	0
GT29	10	0	11	0	29	8	34	6	21	23	0	0	3	4	22	0	0	0	11	0	4	0	4	11	1	0	11	13	0	4	0	8	13	32	5	0	2	0	0	5	23	0	8	6	3	5	10	3	0	0	9	1	0	24	0	6	6	257	10	19	15	6	1	0	14	0	7	0	7	0	0	35	0	0	4	4	1	11	16	9	4	8	0	0	12	12	0	24	0	1
AA10	1789	2446	1987	1086	1670	1593	1304	1579	1503	1621	1924	2337	1238	1085	1108	1279	1257	3138	1074	815	1254	3641	1078	3199	1402	4065	1898	1266	2129	1367	8522	7946	9637	5690	13410	11243	9996	11089	14428	6830	11658	9053	9570	9969	9246	9960	9946	6948	8705	327	13325	8271	3178	8538	9991	8420	8925	7928	8046	12406	1357	1816	3210	3358	3157	2452	1769	2072	1559	2129	2363	3401	2882	3514	5498	3548	1285	1589	1075	1402	2375	2326	3075	1628	1914	2237	2018	2868	3673	2797
GT13	0	0	0	0	0	0	0	0	0	0	0	0	0	0	0	0	0	0	0	0	0	0	0	0	0	0	0	0	0	0	0	0	0	0	0	0	0	0	0	0	0	0	0	0	0	0	0	0	0	0	0	5	0	0	0	0	0	0	0	0	0	0	0	0	0	0	0	0	0	0	0	0	0	0	0	0	0	0	0	0	0	0	0	0	0	0	0	0	0	0
AA7	104	153	112	200	148	263	245	284	152	188	242	108	174	241	327	241	213	375	97	168	192	292	200	279	143	179	149	178	257	119	307	222	259	160	587	303	288	313	353	299	533	379	174	269	248	217	227	155	295	10	391	209	16	244	269	293	213	421	292	562	246	348	311	266	263	371	372	277	232	235	271	452	305	399	289	355	217	366	267	393	255	266	265	265	223	221	192	273	341	391
GT64	2	0	0	0	0	0	0	0	0	0	0	0	0	0	0	0	0	0	0	0	0	0	0	0	0	0	0	0	0	0	0	0	0	0	0	0	0	0	0	0	0	0	0	0	0	0	0	0	0	0	0	0	0	0	0	0	0	0	0	0	0	0	0	0	0	0	0	0	0	0	0	0	0	0	0	0	0	0	0	0	0	0	0	0	0	0	0	0	0	0
CBM62	0	0	0	8	0	0	0	0	0	0	1	0	0	0	0	19	0	2	0	0	0	18	0	0	0	0	6	0	0	0	6	0	0	0	0	4	11	0	0	1	0	0	0	0	0	0	8	0	0	0	0	0	0	0	0	21	8	0	0	0	0	8	0	18	6	0	16	8	12	0	7	0	0	0	0	0	1	5	0	0	0	6	6	14	0	0	0	0	7	0
GT85	112	106	167	280	325	363	332	261	365	261	216	248	271	124	163	226	138	72	89	85	106	144	72	336	129	156	235	84	177	125	141	66	139	13	125	106	89	153	52	41	135	69	59	63	69	49	39	30	82	0	167	12	6	80	69	89	53	87	67	129	352	630	553	361	284	254	214	194	110	515	100	320	535	574	360	433	173	119	150	286	307	150	142	147	192	138	179	473	387	492
GH135	0	0	0	0	0	0	0	0	0	0	2	0	0	0	0	5	0	0	0	0	0	0	0	9	2	0	0	0	0	0	0	0	0	0	0	0	0	0	0	0	0	0	0	0	0	6	0	0	0	0	0	0	0	0	0	2	0	0	7	0	0	0	0	7	0	0	0	0	0	6	0	0	0	0	0	12	0	0	0	0	0	0	1	0	0	0	0	0	0	0
CBM3	304	476	344	470	379	290	317	307	373	395	424	319	415	244	330	338	250	506	304	270	461	579	421	707	429	356	426	299	413	186	1211	914	1259	528	1293	1123	1114	1038	1240	1122	819	1118	1106	878	828	949	848	864	1004	6	1118	841	193	930	781	875	963	761	787	894	399	396	543	329	552	636	451	494	324	457	658	378	375	435	346	398	389	426	260	377	430	502	304	507	330	334	233	407	386	592
GH56	0	0	0	0	0	0	0	0	0	0	0	0	0	0	0	0	0	0	0	0	0	0	0	0	0	0	0	0	0	0	0	0	0	0	0	0	0	0	0	0	0	0	0	0	0	0	0	0	0	0	0	0	0	0	0	0	0	0	0	0	0	0	0	0	0	0	0	0	0	0	0	0	0	0	0	8	0	0	0	0	0	0	0	0	0	0	0	0	0	0
CBM51	894	1165	1148	2035	2047	1651	1172	1143	1340	1525	1147	1443	1289	1234	1308	1176	1497	1670	1247	1426	1825	1602	1850	1753	1243	1279	1345	1202	1270	1281	2159	2028	2130	1344	2352	1953	1547	1846	1846	1280	4594	2024	1724	1920	1743	2297	1865	1285	1786	55	2166	1544	378	2201	2005	1912	1871	2486	1799	1837	1904	2066	2621	1658	1663	1850	1269	1300	1402	2138	1443	1721	1658	1702	1992	1548	2072	1968	1489	2742	1928	2259	1138	2006	1572	1608	1466	1766	2570	2470
GT60	0	0	0	0	12	0	0	0	0	0	0	0	8	0	2	0	0	0	0	0	4	0	0	0	1	0	13	0	0	7	15	4	0	0	0	0	0	0	0	0	0	0	0	0	0	0	0	0	0	0	0	0	0	0	0	0	0	0	0	0	0	0	0	0	0	0	0	0	0	0	0	0	0	0	0	0	0	0	0	0	0	0	0	0	0	13	0	6	0	0
CE7	264	280	421	215	627	484	345	455	437	445	328	438	466	232	223	306	420	512	322	321	296	323	295	405	338	441	383	198	275	259	2162	2642	1848	614	609	651	735	574	920	454	2212	315	737	712	560	652	763	910	1108	0	416	1732	0	2653	418	404	483	2453	1818	2430	191	153	212	566	507	550	525	452	379	206	496	263	198	206	333	504	365	186	151	403	864	246	375	259	445	600	316	332	142	302
CBM42	316	465	323	541	655	344	144	234	189	342	276	452	391	163	147	178	205	440	210	195	349	675	378	364	314	301	383	172	327	185	833	574	988	623	1512	1321	952	1370	1459	793	965	1086	960	1352	1041	1243	884	755	979	72	1196	633	344	635	829	726	641	580	515	1077	306	619	1098	586	491	400	387	194	264	448	762	639	564	375	621	414	589	673	483	711	734	850	435	548	466	411	383	502	640	834
PL15	0	20	0	0	12	0	14	11	32	6	0	11	23	0	0	0	12	3	12	3	0	16	0	9	0	0	0	0	6	0	80	88	57	24	23	0	7	0	11	7	44	2	0	6	0	1	8	6	21	0	0	9	0	10	9	11	8	31	75	127	97	89	147	50	0	9	3	24	0	7	81	2	30	0	12	0	34	17	24	3	12	0	9	0	40	59	10	25	98	231
GT30	728	765	670	726	1194	664	944	919	997	1163	1188	1830	1034	1445	1159	4223	1484	2000	1528	957	727	1185	661	1324	768	888	903	638	660	932	1242	1153	1087	732	956	1125	930	703	540	639	1432	597	1049	625	716	552	715	497	915	41	464	1282	24	1154	1316	1060	1056	1503	4051	1804	721	624	811	772	798	1168	969	832	915	890	622	708	871	802	684	1094	741	783	689	680	704	689	673	523	866	653	646	723	840	1043
GH39	327	264	177	273	287	289	338	350	354	360	381	324	273	266	372	332	308	339	181	301	246	356	231	322	190	227	218	116	166	312	691	886	814	323	669	562	390	439	525	471	1025	468	494	443	464	574	495	379	450	0	496	546	20	851	727	789	801	895	621	1049	248	283	372	284	337	341	300	314	217	588	207	281	397	373	290	351	298	303	303	215	183	197	186	258	325	217	135	465	416	458
GH102	576	477	462	628	1023	804	597	714	686	780	607	1141	806	505	517	471	519	701	573	777	826	620	686	876	399	373	504	531	517	437	1001	1297	985	379	530	426	409	469	333	345	992	461	372	346	258	500	373	259	604	4	277	943	17	1039	1047	616	596	1054	3861	1362	768	868	1132	632	613	687	371	442	381	1077	828	864	1099	749	730	1035	1019	780	816	777	890	580	574	754	507	458	462	779	1023	789
CBM8	40	28	53	32	80	61	55	51	64	150	22	110	121	74	36	90	32	29	57	72	9	27	19	96	54	19	73	8	49	17	105	59	123	202	93	125	138	66	55	82	76	98	205	79	121	66	111	97	127	0	37	177	0	154	315	79	157	22	187	76	29	37	24	124	43	91	118	33	88	70	24	8	88	9	15	10	84	16	29	20	13	43	26	42	33	75	61	31	48	32
